TA,1477475933_1,
TA,1477476864_1,
TA,1477477826_1,
TA,1477479472_1,
TA,1477479701_1,
TA,1477479899_1,
TA,1477480089_1,
TA,1477480282_1,
TA,1477480483_1,
TA,1477480683_1,
TA,1477480885_1,
TA,1477481083_1,
TA,1477481280_1,
TA,1477481419_1,
TA,1477482027_1,
TA,1477482234_1,
TA,1477482412_1,
TA,1477482624_1,
TA,1477482843_1,
TA,1477483044_1,
TA,1477483252_1,
TA,1477483462_1,
TA,1477483665_1,
TA,1477483825_1,
TA,1477484027_1,
TA,1477484240_1,
TA,1477484455_1,
TA,1477484664_1,
TA,1477485078_1,
TA,1477485444_1,
TA,1477485905_1,
TA,1477486085_1,
TA,1477486285_1,
TA,1477486481_1,
TA,1477486669_1,
TA,1477486870_1,
TA,1477487021_1,
TA,1477487205_1,
TA,1477487429_1,
TA,1477487577_1,
TA,1477487784_1,
TA,1477487933_1,
TA,1477488134_1,
TA,1477488477_1,
TA,1477488622_1,
TA,1477488820_1,
TA,1477488956_1,
TA,1477489267_1,
TA,1477489406_1,
TA,1477489606_1,
TA,1477489741_1,
TA,1477489943_1,
TA,1477490081_1,
TA,1477490280_1,
TA,1477490431_1,
TA,1477490625_1,
TA,1477490810_1,
TA,1477491859_1,
TB,1481588586_1,
TB,1481595491_1,
TB,1481598962_1,
TB,1481616395_1,
TB,1481616614_1,
TB,1481616786_1,
TB,1481617040_1,
TB,1481617259_1,
TB,1481617473_1,
TB,1481617709_1,
TB,1481617957_1,
TB,1481618188_1,
TB,1481618418_1,
TB,1481618592_1,
TB,1481618830_1,
TB,1481619244_1,
TB,1481619484_1,
TB,1481619743_1,
TB,1481619983_1,
TB,1481620679_1,
TB,1481620912_1,
TB,1481621148_1,
TB,1481621365_1,
TB,1481621606_1,
TB,1481621841_1,
TB,1481622064_1,
TB,1481622301_1,
TB,1481622539_1,
TB,1481622739_1,
TB,1481622957_1,
TB,1481623188_1,
TB,1481623711_1,
TB,1481623853_1,
TB,1481624032_1,
TB,1481624171_1,
TB,1481624349_1,
TB,1481624482_1,
TB,1481624672_1,
TB,1481624812_1,
TB,1481624991_1,
TB,1481625137_1,
TB,1481625558_1,
TB,1481625703_1,
TB,1481625847_1,
TB,1481625997_1,
TB,1481626149_1,
TB,1481626319_1,
TB,1481626515_1,
TB,1481626725_1,
TB,1481626923_1,
TB,1481627074_1,
TB,1481627451_1,
TB,1481627653_1,
TB,1481627806_1,
TB,1481628008_1,
TB,1481628172_1,
TB,1481628365_1,
TB,1481628542_1,
TB,1481628751_1,
TB,1481629094_1,
TB,1481629409_1,
TB,1481629719_1,
TB,1481634623_1,
TB,1481656091_1,
TB,1481657933_1,
T3,1487068173_1,
T3,1487068240_1,
T3,1487068362_1,
T3,1487068595_1,
T3,1487069051_1,
T3,1487100600_1,
T3,1487100682_1,
T3,1487100789_1,
T3,1487100871_1,
T3,1487100978_1,
T3,1487101060_1,
T3,1487101167_1,
T3,1487101249_1,
T3,1487101339_1,
T3,1487101418_1,
T3,1487101527_1,
T3,1487101606_1,
T3,1487101715_1,
T3,1487101794_1,
T3,1487101903_1,
T3,1487101982_1,
T3,1487102531_1,
T3,1487102642_1,
T3,1487102719_1,
T3,1487118837_1,
T3,1487118864_1,
T3,1487119093_1,
T3,1487119120_1,
T3,1487119349_1,
T3,1487119376_1,
T3,1487119605_1,
T3,1487119632_1,
T3,1487119910_1,
T3,1487119937_1,
T3,1487120165_1,
T3,1487120420_1,
T3,1487120447_1,
T3,1487120675_1,
T3,1487120702_1,
T3,1487121489_1,
T3,1487121516_1,
T3,1487121747_1,
T3,1487121774_1,
T3,1487122005_1,
T3,1487122032_1,
T3,1487122263_1,
T3,1487122290_1,
T3,1487122570_1,
T3,1487122597_1,
T3,1487122827_1,
T3,1487122854_1,
T3,1487123084_1,
T3,1487123111_1,
T3,1487123341_1,
T3,1487123368_1,
T3,1487124159_1,
T3,1487124186_1,
T3,1487124420_1,
T3,1487124447_7,
T3,1487124681_7,
T3,1487124708_7,
T3,1487124942_7,
T3,1487124969_7,
T3,1487139323_1,
T3,1487139370_1,
T3,1487139717_1,
T3,1487139764_1,
T3,1487140595_1,
T3,1487140810_1,
T3,1487154670_1,
T3,1487201415_1,
T4,1490947810_1,
T4,1490962872_1,
T4,1490963066_1,
T4,1490963216_1,
T4,1490963410_1,
T4,1490963561_1,
T4,1490963755_1,
T4,1490963919_1,
T4,1490964113_1,
T4,1490964584_1,
T4,1490964778_1,
T4,1490964952_1,
T4,1490965146_1,
T4,1490965298_2,
T4,1490965492_1,
T4,1490965613_1,
T4,1490965807_1,
T4,1490965970_1,
T4,1490966164_1,
T4,1490966322_1,
T4,1490966516_1,
T4,1490968766_1,
T4,1490968960_2,
T4,1490969132_1,
T4,1490969326_1,
T4,1490969480_1,
T4,1490969674_1,
T4,1490969822_1,
T4,1490970016_1,
T4,1490970180_1,
T4,1490970374_1,
T4,1490970876_1,
T4,1490971070_1,
T4,1490971237_1,
T4,1490971432_4,
T4,1490990831_1,
T4,1490991359_4,
T4,1491005430_1,
T5,1492349077_1,
T5,1492350257_1,
T5,1492351434_1,
T5,1492352613_1,
T5,1492353782_1,
T5,1492354945_1,
T5,1492357308_1,
T5,1492358482_1,
T5,1492359638_1,
T5,1492361414_1,
T5,1492361946_1,
T5,1492362489_1,
T5,1492363091_1,
T5,1492363683_1,
T5,1492364272_1,
T5,1492364864_1,
T5,1492366621_1,
T5,1492367246_3,
T6,1503379484_1,
T6,1503379755_1,
T6,1503380026_1,
T6,1503380297_1,
T6,1503380839_1,
T6,1503381110_1,
T6,1503381381_1,
T6,1503381652_1,
T6,1503381923_1,
T6,1503382194_1,
T6,1503387611_1,
T6,1503388276_1,
T6,1503389227_1,
T6,1503398325_1,
T6,1503400912_3,
T6,1503413447_1,
T6,1503413552_1,
T6,1503413732_3,
T6,1503422282_1,
T6,1503422377_1,
T6,1503422472_1,
T6,1503422567_1,
T6,1503422662_1,
T6,1503422757_1,
T6,1503422852_1,
T6,1503422947_1,
T6,1503423042_1,
T6,1503423137_1,
T6,1503423232_1,
T6,1503423327_1,
T6,1503423422_1,
T6,1503423517_1,
T6,1503423612_1,
T6,1503423707_1,
T6,1503423802_1,
T6,1503423897_1,
T6,1503423992_1,
T6,1503424087_1,
T6,1503424182_1,
T6,1503424277_1,
T6,1503424372_1,
T6,1503424467_1,
T6,1503424562_1,
T6,1503424657_1,
T6,1503424752_1,
T6,1503424847_1,
T6,1503424942_1,
T6,1503425037_1,
T6,1503425132_1,
T6,1503425227_1,
T6,1503425322_1,
T6,1503425417_1,
T6,1503425512_1,
T6,1503425607_1,
T6,1503425702_1,
T6,1503425797_1,
T6,1503425892_1,
T6,1503427127_1,
T8,1509141057_1,
T8,1509141417_1,
T8,1509141777_1,
T8,1509146053_1,
T9,1514295040_1,
T9,1514295072_1,
T9,1514295398_1,
T9,1514295428_1,
T9,1514295458_1,
T9,1514295487_1,
T9,1514295556_1,
T9,1514295625_1,
T9,1514295748_1,
T9,1514295779_1,
T9,1514295809_1,
T9,1514295839_1,
T9,1514295908_1,
T9,1514295977_1,
T9,1514296107_1,
T9,1514296136_1,
T9,1514296488_1,
T9,1514296519_1,
T9,1514296549_1,
T9,1514296578_1,
T9,1514296647_1,
T9,1514296716_1,
T9,1514296879_1,
T9,1514296910_1,
T9,1514297262_1,
T9,1514297292_1,
T9,1514297322_1,
T9,1514297351_1,
T9,1514297420_1,
T9,1514297489_1,
T9,1514297653_1,
T9,1514297682_1,
T9,1514298165_1,
T9,1514299123_1,
T9,1514299513_1,
T9,1514299543_1,
T9,1514299573_1,
T9,1514299671_1,
T9,1514299740_1,
T9,1514299878_1,
T9,1514299908_1,
T9,1514299938_1,
T9,1514299967_1,
T9,1514300036_1,
T9,1514300105_1,
T9,1514300233_1,
T9,1514300263_1,
T9,1514300322_1,
T9,1514300391_1,
T9,1514300623_1,
T9,1514300653_1,
T9,1514300683_1,
T9,1514300781_1,
T9,1514300850_1,
T9,1514301013_1,
T9,1514301073_1,
T9,1514301102_1,
T9,1514301240_1,
T9,1514301368_1,
T9,1514301398_1,
T9,1514301428_1,
T9,1514301457_1,
T9,1514301526_1,
T9,1514301595_1,
T9,1514301758_1,
T9,1514301788_1,
T9,1514301818_1,
T9,1514301847_1,
T9,1514301916_1,
T9,1514301985_1,
T9,1514302573_1,
T9,1514302990_1,
T9,1514304423_1,
T9,1514305926_1,
T9,1514309549_1,
T9,1514310267_1,
T9,1514313117_1,
T9,1514313835_1,
T9,1514315553_1,
T9,1514315913_1,
T9,1514316735_1,
T9,1514317135_1,
T9,1514319121_1,
T9,1514320339_1,
T9,1514320699_1,
T9,1514321059_1,
T9,1514321419_1,
T9,1514321779_1,
T9,1514322139_1,
T9,1514322629_1,
T9,1514322989_1,
T9,1514323349_1,
T9,1514323849_1,
T9,1514330211_1,
T9,1514331666_1,
T9,1514332405_1,
T9,1514335268_1,
T9,1514336805_1,
T10,1515945709_1,
T10,1515946425_1,
T10,1515947213_1,
T10,1515953795_1,
T10,1515954189_1,
T10,1515961219_1,
T10,1515961613_1,
T10,1515967797_1,
T10,1515968621_1,
T10,1515976013_1,
T10,1515984745_1,
T10,1515985140_1,
T10,1515985535_1,
T10,1516003468_1,
T10,1516003982_1,
T10,1516004476_1,
T10,1516004960_1,
T10,1516005474_1,
T10,1516005958_1,
T10,1516006462_1,
T10,1516006966_1,
T10,1516007480_1,
T10,1516007974_1,
T10,1516008478_1,
T10,1516008972_1,
T10,1516009490_1,
T10,1516011216_1,
T10,1516012157_1,
T10,1516012643_3,
T10,1516013097_1,
T10,1516013546_1,
T10,1516015364_1,
T10,1516027693_1,
T10,1516027795_1,
T11,1519713017_1,
T11,1519713507_1,
T12,1521398470_1,
T12,1521400631_1,
T12,1521404063_1,
T12,1521405451_1,
T12,1521405896_1,
T12,1521406684_1,
T12,1521407494_1,
T12,1521407900_1,
T12,1521408363_1,
T12,1521408723_1,
T12,1521410563_1,
T12,1521412865_1,
T12,1521413628_1,
T12,1521414167_1,
T13,1525116645_1,
T13,1525117030_1,
T13,1525117426_1,
T13,1525117858_1,
T13,1525118253_1,
T13,1525118649_1,
T14,1526810443_1,
T14,1526810578_1,
T14,1526810712_1,
T14,1526810847_1,
T14,1526810981_1,
T14,1526811116_3,
T15,1530490964_1,
T15,1530491557_1,
T15,1530492150_1,
T15,1530492713_1,
T15,1530493309_1,
T15,1530493889_1,
T15,1530496198_1,
T15,1530497617_1,
T15,1530499395_1,
T15,1530501191_1,
T15,1530502667_1,
T15,1530502987_1,
T15,1530504463_1,
T15,1530504651_1,
T15,1530602681_1,
T16,1532197383_1,
T16,1532197904_1,
T16,1532198443_1,
T16,1532198524_1,
T17,1536337343_1,
T17,1536345838_1,
T17,1536346448_1,
T17,1536347028_1,
T17,1536349138_3,
T17,1536355979_1,
T17,1536356460_1,
T17,1536356942_1,
T17,1536357418_1,
T17,1536357877_3,
T17,1536358270_1,
T17,1536358718_1,
T17,1536359164_1,
T17,1536359596_1,
T17,1536360029_1,
T17,1536360595_1,
T17,1536360995_1,
T17,1536361385_1,
T17,1536361784_1,
T17,1536362183_1,
T17,1536362563_1,
T17,1536362963_1,
T17,1536363355_1,
T17,1536363755_1,
T17,1536365364_1,
T17,1536365758_1,
T17,1536366145_1,
T17,1536367827_1,
T17,1536368313_1,
T17,1536368775_1,
T17,1536373016_1,
T17,1536373427_1,
T17,1536378611_1,
T18,1537732425_1,
T18,1537732788_1,
T18,1537733148_1,
T18,1537734046_1,
T18,1537734078_1,
T18,1537734268_1,
T18,1537734601_1,
T18,1537734633_1,
T18,1537734712_1,
T18,1537734744_1,
T18,1537734823_1,
T18,1537734855_1,
T18,1537737949_1,
T18,1537737979_1,
T18,1537738060_1,
T18,1537738090_1,
T18,1537738171_1,
T18,1537738201_1,
T18,1537738282_1,
T18,1537738312_1,
T18,1537738393_1,
T18,1537738423_1,
T18,1537738520_1,
T18,1537738552_1,
T18,1537738631_1,
T18,1537738663_1,
T18,1537738742_1,
T18,1537738774_1,
T18,1537738853_1,
T18,1537738885_1,
T18,1537738964_1,
T18,1537738996_1,
T18,1537741791_1,
T18,1537741870_1,
T18,1537741902_1,
T18,1537741981_1,
T18,1537742013_1,
T18,1537742092_1,
T18,1537742124_1,
T18,1537742203_1,
T18,1537742235_1,
T18,1537742314_1,
T18,1537742346_1,
T18,1537742425_1,
T18,1537742457_1,
T18,1537742536_1,
T18,1537742568_1,
T18,1537742647_1,
T18,1537742679_1,
T18,1537742758_1,
T18,1537742790_1,
T18,1537742869_1,
T18,1537742901_1,
T18,1537742995_1,
T18,1537743027_1,
T18,1537743106_1,
T18,1537743138_1,
T18,1537743217_1,
T18,1537743249_1,
T18,1537743328_1,
T18,1537743360_1,
T18,1537743439_1,
T18,1537743471_1,
T18,1537743550_1,
T18,1537743582_1,
T18,1537743661_1,
T18,1537743693_1,
T18,1537745899_1,
T18,1537745931_1,
T18,1537746010_1,
T18,1537746042_1,
T18,1537746121_1,
T18,1537746153_1,
T18,1537746232_1,
T18,1537746264_1,
T18,1537746343_1,
T18,1537746375_1,
T18,1537746454_1,
T18,1537746486_1,
T18,1537746565_1,
T18,1537746597_1,
T18,1537746676_1,
T18,1537746708_1,
T18,1537746787_1,
T18,1537746819_1,
T18,1537746898_1,
T18,1537746930_1,
T18,1537747009_1,
T18,1537747041_1,
T18,1537747470_1,
T18,1537747502_1,
T18,1537747581_1,
T18,1537747613_1,
T18,1537747692_1,
T18,1537747724_1,
T18,1537747803_1,
T18,1537747835_1,
T18,1537747914_1,
T18,1537747946_1,
T18,1537748025_1,
T18,1537748057_1,
T18,1537748136_1,
T18,1537748247_1,
T18,1537748279_1,
T18,1537748358_1,
T18,1537748390_1,
T18,1537750260_1,
T18,1537750292_1,
T18,1537750371_1,
T18,1537750403_1,
T18,1537750482_1,
T18,1537750514_1,
T18,1537750593_1,
T18,1537750625_1,
T18,1537750704_1,
T18,1537750736_1,
T18,1537750815_1,
T18,1537750847_1,
T18,1537750926_1,
T18,1537750958_1,
T18,1537751037_1,
T18,1537751069_1,
T18,1537751148_1,
T18,1537751180_1,
T18,1537751927_1,
T18,1537753090_1,
T18,1537753119_1,
T18,1537754048_1,
T18,1537754077_1,
T18,1537756221_1,
T18,1537756617_1,
T18,1537757155_1,
T18,1537757551_1,
T18,1537758089_1,
T18,1537758485_1,
T18,1537759023_1,
T18,1537759419_1,
T18,1537759832_1,
T18,1537760228_1,
T18,1537760641_1,
T18,1537760670_1,
T18,1537764887_1,
T18,1537765235_1,
T18,1537765599_1,
T18,1537765781_1,
T18,1537765846_1,
T18,1537765915_1,
T19,1539137349_1,
T19,1539137714_1,
T19,1539138090_1,
T19,1539138829_1,
T19,1539139585_1,
T19,1539139968_1,
T19,1539140351_1,
T19,1539140729_1,
T19,1539141098_1,
T19,1539141472_1,
T19,1539141850_1,
T19,1539142230_1,
T20,1540487574_1,
T20,1540488043_1,
T20,1540488984_1,
T20,1540489456_1,
T20,1540489966_1,
T20,1540490481_1,
T20,1540490948_1,
T20,1540491382_1,
T20,1540502043_1,
T20,1540502357_1,
T20,1540502777_1,
T20,1540502976_1,
T20,1540503376_1,
T20,1540503575_1,
T20,1540503976_1,
T20,1540504175_1,
T20,1540504773_1,
T20,1540505175_1,
T20,1540505374_1,
T20,1540505776_1,
T20,1540506382_1,
T20,1540506575_1,
T20,1540506975_1,
T20,1540507576_1,
T20,1540508176_1,
T20,1540508373_1,
T20,1540510038_1,
T20,1540514055_1,
T21,1544606517_1,
T21,1544631433_1,
T21,1544631853_1,
T21,1544632273_1,
T21,1544632693_1,
T21,1544633113_1,
T21,1544633533_1,
T21,1544633953_1,
T21,1544634373_1,
T21,1544634793_1,
T21,1544635213_1,
T21,1544635633_1,
T21,1544636053_1,
T21,1544636473_1,
T21,1544636893_1,
T21,1544637313_1,
T21,1544637733_1,
T21,1544638153_1,
T21,1544638573_1,
T21,1544638993_1,
T21,1544639413_1,
T21,1544639833_1,
T21,1544640253_1,
T21,1544640673_1,
T21,1544649395_1,
T21,1544652139_1,
T21,1544652531_1,
T22,1545998996_1,
T22,1545999385_1,
T22,1545999774_1,
T22,1546000163_2,
T22,1546000559_1,
T22,1546000951_1,
T22,1546001343_1,
T22,1546001735_1,
T22,1546002131_1,
T22,1546002523_1,
T22,1546002915_1,
T22,1546003307_1,
T22,1546003689_1,
T22,1546004081_1,
T22,1546004473_1,
T22,1546004855_1,
T22,1546005248_1,
T22,1546005641_1,
T22,1546005957_1,
T22,1546005976_1,
T22,1546005995_1,
T22,1546006014_1,
T22,1546024845_1,
T22,1546027708_1,
T22,1546028868_1,
T22,1546031731_1,
T23,1547389148_1,
T23,1547389416_1,
T23,1547389701_1,
T23,1547389969_1,
T23,1547390254_1,
T23,1547390522_1,
T23,1547390807_1,
T23,1547391075_1,
T23,1547391360_1,
T23,1547391628_1,
T23,1547391913_1,
T23,1547392181_1,
T23,1547392466_1,
T23,1547392734_1,
T23,1547393019_1,
T23,1547394678_1,
T23,1547394946_1,
T23,1547395231_1,
T23,1547395499_1,
T23,1547395784_1,
T23,1547396052_1,
T23,1547396337_1,
T23,1547396605_1,
T23,1547396890_1,
T23,1547397158_1,
T23,1547397443_1,
T23,1547397711_1,
T23,1547397996_1,
T23,1547398264_1,
T23,1547398549_1,
T23,1547398817_1,
T23,1547399102_1,
T23,1547399370_1,
T23,1547399655_1,
T23,1547399923_1,
T23,1547400476_1,
T23,1547400761_1,
T23,1547401029_1,
T23,1547401314_1,
T23,1547401582_1,
T23,1547401867_1,
T23,1547402135_1,
T23,1547402420_1,
T23,1547403918_1,
T23,1547404179_1,
T23,1547404439_1,
T23,1547404700_1,
T23,1547404960_1,
T23,1547405221_1,
T23,1547405481_1,
T23,1547405742_1,
T23,1547406002_1,
T23,1547407034_1,
T23,1547407295_1,
T23,1547407555_3,
T23,1547407816_1,
T23,1547408076_1,
T23,1547408337_1,
T23,1547408597_1,
T23,1547408858_1,
T23,1547409118_1,
T23,1547410393_1,
T23,1547410802_1,
T23,1547410985_1,
T23,1547411394_1,
T23,1547411577_1,
T23,1547411986_1,
T23,1547413945_1,
T23,1547414354_1,
T23,1547414537_1,
T23,1547414946_1,
T23,1547415129_1,
T23,1547415538_1,
T23,1547415721_1,
T23,1547416130_1,
T23,1547416313_1,
T23,1547416722_1,
T23,1547416905_1,
T23,1547417314_1,
T23,1547417803_1,
T24,1548748328_1,
T24,1548748503_1,
T24,1548748678_1,
T24,1548748852_1,
T24,1548749027_1,
T24,1548749514_1,
T24,1548750098_1,
T24,1548750240_1,
T24,1548750868_1,
T24,1548750964_1,
T24,1548751578_1,
T24,1548751714_1,
T24,1548752613_1,
T24,1548752709_1,
T24,1548752812_1,
T24,1548754478_1,
T24,1548754574_1,
T24,1548754666_1,
T24,1548754757_1,
T24,1548754853_1,
T24,1548754945_1,
T24,1548755036_1,
T24,1548755132_1,
T24,1548755224_1,
T24,1548755417_1,
T24,1548755802_1,
T24,1548755877_1,
T24,1548756262_1,
T24,1548756337_1,
T24,1548756722_1,
T24,1548756773_1,
T24,1548757158_1,
T24,1548757186_1,
T24,1548757571_1,
T24,1548757622_1,
T24,1548758007_1,
T24,1548758058_1,
T24,1548758443_1,
T24,1548758518_1,
T24,1548758903_1,
T24,1548758978_1,
T24,1548759363_1,
T24,1548759438_1,
T24,1548759823_1,
T24,1548759874_1,
T24,1548760259_1,
T24,1548760310_1,
T24,1548760695_1,
T24,1548760770_1,
T24,1548761155_1,
T24,1548761230_1,
T24,1548761615_1,
T24,1548761643_1,
T24,1548762028_1,
T24,1548762103_1,
T24,1548762488_1,
T24,1548770080_1,
T24,1548771301_1,
T24,1548775990_1,
T24,1548776637_1,
T24,1548777126_1,
T24,1548777370_1,
T24,1548777614_1,
T24,1548782506_1,
T24,1548784595_1,
T24,1548786685_1,
T24,1548790279_1,
T24,1548792187_1,
T24,1548814513_1,
T24,1548815000_1,
T24,1548815241_1,
T24,1548815355_1,
T24,1548815412_1,
T24,1548815526_1,
T24,1548815639_1,
T24,1548815696_1,
T24,1548815753_1,
T24,1548815810_1,
T24,1548815867_1,
T24,1548815924_1,
T24,1548815981_1,
T24,1548816094_1,
T24,1548816151_1,
T24,1548816208_1,
T24,1548816265_1,
T24,1548816322_1,
T24,1548816379_1,
T26,1552138728_1,
T26,1552145692_1,
T26,1552148542_1,
T26,1552150255_1,
T26,1552159272_1,
T26,1552159652_1,
T26,1552159892_1,
T26,1552160262_1,
T26,1552160472_1,
T26,1552160872_1,
T26,1552161082_1,
T26,1552161462_1,
T26,1552161692_1,
T26,1552164462_1,
T26,1552164672_1,
T26,1552165052_1,
T26,1552165312_1,
T26,1552197381_1,
T26,1552198715_1,
T26,1552205724_1,
T26,1552206029_1,
T26,1552206334_1,
T26,1552206639_1,
T26,1552206944_1,
T26,1552207249_1,
T26,1552228956_1,
T26,1552229979_1,
T27,1553526038_1,
T27,1553526597_1,
T27,1553527156_1,
T27,1553527437_1,
T27,1553528837_1,
T27,1553529045_1,
T27,1553531038_1,
T27,1553532514_1,
T27,1553533055_1,
T27,1553535359_1,
T27,1553536098_1,
T27,1553537055_1,
T27,1553537794_1,
T27,1553538533_1,
T27,1553539272_1,
T27,1553539659_1,
T27,1553540398_1,
T27,1553541137_1,
T27,1553541508_1,
T27,1553542066_1,
T27,1553543958_1,
T27,1553545391_1,
T27,1553546109_1,
T27,1553546469_1,
T27,1553547347_1,
T27,1553548065_1,
T27,1553552774_1,
T27,1553553191_1,
T27,1553587530_1,
T27,1553587676_1,
T27,1553587822_1,
T27,1553587968_1,
T27,1553588114_1,
T27,1553588260_1,
T27,1553588406_1,
T27,1553588478_1,
T27,1553588553_1,
T27,1553588625_1,
T27,1553588700_1,
T27,1553589565_1,
T27,1553602586_1,
T27,1553604216_1,
T27,1553606966_1,
T27,1553607513_1,
T28,1554906819_1,
T28,1554908117_1,
T28,1554909415_1,
T28,1554942939_1,
T28,1554945121_1,
T28,1554945452_1,
T28,1554945572_1,
T28,1554953950_1,
T28,1554954689_1,
T28,1554960061_1,
T28,1554960330_1,
T28,1554960431_1,
T28,1554960700_1,
T28,1554960801_1,
T28,1554961070_1,
T28,1554961171_1,
T28,1554961440_1,
T28,1554961541_1,
T28,1554961810_1,
T28,1554965241_1,
T28,1554965510_1,
T28,1554965611_1,
T28,1554965880_1,
T28,1554965981_1,
T28,1554966250_1,
T28,1554966351_1,
T28,1554966620_1,
T28,1554966721_1,
T28,1554966990_1,
T28,1554967091_1,
T28,1554967360_1,
T28,1554969270_1,
T28,1554969567_1,
T28,1554969620_1,
T28,1554969908_1,
T28,1554969949_1,
T29,1556282813_1,
T29,1556307551_1,
T29,1556308412_1,
T29,1556342246_1,
T29,1556356726_1,
T29,1556357101_1,
T29,1556359295_1,
T29,1556359661_1,
T29,1556360043_1,
T29,1556360413_1,
T29,1556360786_1,
T29,1556362703_1,
T30,1557661517_1,
T30,1557661709_1,
T30,1557661919_1,
T30,1557661956_1,
T30,1557662019_1,
T30,1557662211_1,
T30,1557662421_1,
T30,1557662452_1,
T30,1557662513_1,
T30,1557662705_1,
T30,1557662915_1,
T30,1557662946_1,
T30,1557663007_1,
T30,1557663199_1,
T30,1557663409_1,
T30,1557663440_1,
T30,1557663509_1,
T30,1557663701_1,
T30,1557663942_1,
T30,1557664005_1,
T30,1557664213_1,
T30,1557664440_1,
T30,1557664503_1,
T30,1557664711_1,
T30,1557664938_1,
T30,1557733435_1,
T30,1557734167_1,
T30,1557734558_1,
T30,1557737132_1,
T30,1557745840_1,
T30,1557745975_1,
T30,1557746110_1,
T30,1557746245_1,
T30,1557746380_1,
T30,1557746515_1,
T30,1557746650_1,
T30,1557746785_1,
T30,1557746920_1,
T30,1557747055_1,
T30,1557747190_1,
T30,1557747325_1,
T30,1557747460_1,
T30,1557747595_1,
T30,1557747730_1,
T31,1559039025_1,
T31,1559039560_1,
T31,1559041320_1,
T31,1559042200_1,
T31,1559075380_1,
T31,1559077376_1,
T31,1559077842_1,
T31,1559078308_1,
T31,1559079180_1,
T31,1559079463_1,
T31,1559079677_1,
T31,1559079960_1,
T31,1559080538_1,
T31,1559080690_1,
T31,1559080973_1,
T31,1559081508_1,
T31,1559082013_1,
T31,1559082511_1,
T31,1559082656_1,
T31,1559082939_1,
T31,1559083508_1,
T31,1559083653_1,
T31,1559083936_1,
T31,1559084510_1,
T31,1559084653_1,
T31,1559084936_1,
T31,1559091379_1,
T31,1559092048_1,
T31,1559092587_1,
T32,1560456180_1,
T32,1560469931_1,
T32,1560478840_1,
T32,1560481871_1,
T32,1560490087_1,
T32,1560492415_1,
T32,1560493956_1,
T33,1561834903_1,
T33,1561835371_1,
T33,1561835855_1,
T33,1561836888_1,
T33,1561837008_1,
T33,1561837119_1,
T33,1561837604_1,
T33,1561838139_1,
T33,1561838614_1,
T33,1561839079_1,
T33,1561839498_1,
T33,1561839614_1,
T33,1561840129_1,
T33,1561840514_1,
T33,1561840624_1,
T33,1561841594_1,
T33,1561842119_1,
T33,1561842644_1,
T33,1561843179_1,
T34,1563474599_1,
T34,1563474865_1,
T34,1563475397_1,
T34,1563475663_1,
T34,1563475929_1,
T34,1563476195_1,
T34,1563476461_1,
T34,1563476727_1,
T34,1563476993_1,
T34,1563477259_1,
T34,1563477525_1,
T34,1563478057_1,
T34,1563478323_1,
T34,1563479919_1,
T34,1563482755_1,
T34,1563482866_1,
T34,1563482977_1,
T34,1563483088_1,
T34,1563483199_1,
T34,1563483310_1,
T34,1563483421_1,
T34,1563483535_1,
T34,1563483646_1,
T34,1563483757_1,
T34,1563483868_1,
T34,1563483979_1,
T34,1563484095_1,
T34,1563484206_1,
T34,1563484317_1,
T34,1563484428_1,
T34,1563484539_1,
T34,1563484650_1,
T34,1563486836_1,
T34,1563503830_1,
T34,1563504247_1,
T34,1563505893_1,
T34,1563506298_1,
T34,1563507098_1,
T34,1563507496_1,
T34,1563508143_1,
T34,1563508637_1,
T34,1563509124_1,
T34,1563509618_1,
T34,1563510105_1,
T34,1563510595_1,
T34,1563511087_1,
T34,1563511577_1,
T34,1563512071_1,
T34,1563512561_1,
T34,1563513064_1,
T34,1563513564_1,
T34,1563514075_1,
T34,1563514575_1,
T34,1563514666_1,
T34,1563514846_1,
T34,1563514937_1,
T34,1563515027_1,
T34,1563515333_1,
T34,1563515851_1,
T34,1563518778_1,
T34,1563519268_1,
T34,1563519758_1,
T34,1563520248_1,
T34,1563520739_1,
T34,1563521227_1,
T34,1563521719_1,
T34,1563522207_1,
T34,1563522698_1,
T34,1563523188_1,
T34,1563523678_1,
T34,1563524168_1,
T34,1563524658_1,
T34,1563525149_1,
T34,1563525638_1,
T34,1563526798_1,
T34,1563527287_1,
T34,1563527778_1,
T34,1563528268_1,
T34,1563528757_1,
T34,1563529248_1,
T34,1563529738_1,
T34,1563530228_1,
T34,1563530717_1,
T34,1563531208_1,
T35,1567239055_1,
T35,1567239348_1,
T35,1567239516_1,
T35,1567240113_1,
T35,1567240241_1,
T35,1567240658_1,
T35,1567241480_1,
T35,1567241662_1,
T35,1567242636_1,
T35,1567242818_1,
T35,1567243000_1,
T35,1567243182_1,
T35,1567243560_1,
T35,1567243881_1,
T35,1567244037_1,
T35,1567244358_1,
T35,1567244530_1,
T35,1567244851_1,
T35,1567245011_1,
T35,1567245332_1,
T35,1567245492_1,
T35,1567245813_1,
T35,1567245982_1,
T35,1567246303_1,
T35,1567246477_1,
T35,1567246798_1,
T35,1567246957_1,
T35,1567247278_1,
T35,1567247435_1,
T35,1567247756_1,
T35,1567247936_1,
T35,1567248321_1,
T35,1567249657_1,
T35,1567249780_1,
T35,1567253348_1,
T35,1567253877_1,
T35,1567254376_1,
T35,1567254885_1,
T35,1567255414_5,
T35,1567255903_1,
T35,1567256382_1,
T35,1567256931_1,
T35,1567257460_1,
T35,1567257949_1,
T35,1567259516_1,
T35,1567259994_1,
T35,1567260503_1,
T35,1567260982_1,
T35,1567261481_1,
T35,1567262010_1,
T35,1567262569_1,
T35,1567263068_1,
T35,1567263557_1,
T35,1567265633_1,
T36,1569964263_1,
T36,1569965128_1,
T36,1569966002_1,
T36,1570022281_1,
T36,1570022355_1,
T36,1570022791_1,
T36,1570022830_1,
T36,1570023766_1,
T36,1570023805_1,
T36,1570024247_1,
T36,1570024289_1,
T36,1570024750_1,
T36,1570033591_1,
T36,1570033651_1,
T36,1570033972_1,
T36,1570034105_1,
T36,1570034156_1,
T36,1570034477_1,
T36,1570034600_1,
T36,1570034651_1,
T36,1570034972_1,
T36,1570035102_1,
T36,1570035153_1,
T36,1570037618_1,
T36,1570037669_1,
T36,1570037990_1,
T36,1570038119_1,
T36,1570038170_1,
T36,1570038491_1,
T36,1570038615_1,
T36,1570038666_1,
T36,1570038987_1,
T36,1570039167_1,
T36,1570039488_1,
T37,1574095016_1,
T37,1574095396_1,
T37,1574095595_1,
T37,1574095997_1,
T37,1574096186_1,
T37,1574096598_1,
T37,1574096792_1,
T37,1574097197_1,
T37,1574097394_1,
T37,1574097794_1,
T37,1574097988_1,
T37,1574098395_1,
T37,1574098599_1,
T37,1574098994_1,
T37,1574099189_1,
T37,1574099784_1,
T37,1574100196_1,
T37,1574100389_1,
T37,1574100796_1,
T37,1574100987_1,
T37,1574101397_1,
T37,1574101538_1,
T37,1574102004_1,
T37,1574102197_1,
T37,1574102599_1,
T37,1574102791_1,
T37,1574103194_1,
T37,1574103389_1,
T37,1574103794_1,
T37,1574103996_1,
T37,1574104396_1,
T37,1574104596_1,
T37,1574104991_1,
T37,1574105190_1,
T37,1574105591_1,
T37,1574105790_1,
T37,1574106195_1,
T37,1574127168_1,
T37,1574138453_1,
T37,1574138527_1,
T37,1574138943_1,
T37,1574139005_1,
T37,1574139420_1,
T37,1574139489_1,
T37,1574140441_1,
T37,1574146247_1,
T37,1574146318_1,
T37,1574147235_1,
T37,1574147302_1,
T37,1574147803_3,
T37,1574149284_1,
T37,1574150202_1,
T37,1574151711_1,
T37,1574177262_1,
T37,1574177383_1,
T37,1574178229_1,
T37,1574178350_1,
T37,1574178470_1,
T37,1574178591_1,
T37,1574178712_1,
T37,1574178833_1,
T37,1574178954_1,
T37,1574179074_1,
T37,1574179195_1,
T37,1574179316_1,
T37,1574199890_1,
T37,1574199993_1,
T37,1574200097_1,
T37,1574200200_1,
T37,1574200303_1,
T37,1574200406_1,
T37,1574200509_1,
T37,1574200612_1,
T37,1574200715_1,
T37,1574200818_1,
T37,1574200921_1,
T37,1574201024_1,
T37,1574201127_1,
T37,1574201230_1,
T37,1574201334_1,
T37,1574201437_1,
T37,1574201540_1,
T37,1574201643_1,
T38,1575493248_1,
T38,1575493802_1,
T38,1575494356_1,
T38,1575494910_1,
T38,1575495464_1,
T38,1575496017_1,
T38,1575496571_1,
T38,1575497412_1,
T38,1575497612_1,
T38,1575498725_1,
T38,1575499818_1,
T38,1575500901_1,
T38,1575506238_1,
T38,1575506608_1,
T38,1575506843_1,
T38,1575507241_1,
T38,1575507639_1,
T38,1575508435_1,
T38,1575508752_1,
T38,1575509158_1,
T38,1575509654_1,
T38,1575510158_1,
T38,1575510641_1,
T38,1575511128_1,
T38,1575513093_1,
T38,1575513765_1,
T38,1575514433_1,
T38,1575514485_1,
T38,1575514910_1,
T38,1575514957_1,
T38,1575515382_1,
T38,1575515440_1,
T38,1575515869_1,
T38,1575515913_1,
T38,1575516394_1,
T38,1575516826_1,
T38,1575516882_1,
T38,1575517321_1,
T38,1575517373_1,
T38,1575517806_1,
T38,1575517861_1,
T38,1575518296_1,
T38,1575518342_1,
T38,1575518786_1,
T38,1575518845_1,
T38,1575519294_1,
T38,1575519346_1,
T38,1575519793_1,
T38,1575519844_1,
T38,1575520269_1,
T38,1575520315_1,
T38,1575524664_1,
T38,1575524985_1,
T38,1575525155_1,
T38,1575525206_1,
T38,1575525617_1,
T38,1575525897_1,
T38,1575527007_1,
T38,1575527525_1,
T38,1575527846_1,
T38,1575527939_1,
T38,1575528270_1,
T38,1575528467_1,
T38,1575528930_1,
T38,1575528981_1,
T38,1575529063_1,
T38,1575529114_1,
T38,1575529196_1,
T38,1575529443_1,
T38,1575546265_1,
T38,1575546586_1,
T38,1575546807_1,
T38,1575547218_1,
T38,1575549580_1,
T38,1575549901_1,
T38,1575550068_1,
T38,1575550531_1,
T38,1575550582_1,
T38,1575550664_1,
T38,1575550715_1,
T38,1575550797_1,
T38,1575551033_1,
T38,1575551511_1,
T38,1575557414_1,
T38,1575558541_1,
T39,1576905125_1,
T39,1576906512_1,
T39,1576924491_1,
T39,1576925017_1,
T39,1576925475_1,
T39,1576925958_1,
T39,1576926921_1,
T39,1576927407_1,
T39,1576928362_1,
T39,1576929336_1,
T40,1578254992_1,
T40,1578255565_1,
T40,1578256318_1,
T40,1578256891_1,
T40,1578257470_1,
T40,1578263500_1,
T40,1578263860_1,
T40,1578266417_1,
T40,1578267146_1,
T40,1578267864_1,
T40,1578269256_1,
T40,1578269466_1,
T40,1578269935_1,
T40,1578270197_1,
T40,1578270407_1,
T40,1578270664_1,
T40,1578270873_1,
T40,1578271154_1,
T40,1578271363_1,
T40,1578271626_1,
T40,1578271835_1,
T40,1578272303_1,
T40,1578272581_1,
T40,1578272790_1,
T40,1578273049_1,
T40,1578273258_1,
T40,1578273516_1,
T40,1578273725_1,
T40,1578274003_1,
T40,1578274212_1,
T40,1578274475_1,
T40,1578274684_1,
T40,1578274957_1,
T40,1578275166_1,
T40,1578275446_1,
T40,1578275655_1,
T40,1578275924_1,
T41,1582357623_3,
T41,1582371310_1,
T41,1582372578_1,
T41,1582435566_1,
T41,1582436049_1,
T41,1582437498_1,
T41,1582439427_1,
T41,1582440378_1,
T42,1585117933_1,
T42,1585121136_1,
T42,1585124219_1,
T42,1585125820_1,
T42,1585127422_1,
T42,1585132137_1,
T42,1585132367_1,
T42,1585132596_1,
T42,1585132826_1,
T42,1585133055_1,
T42,1585133285_1,
T42,1585133514_1,
T42,1585133744_1,
T42,1585133973_1,
T42,1585134203_1,
T42,1585134432_1,
T42,1585134662_1,
T42,1585134891_1,
T42,1585135121_1,
T42,1585135350_1,
T42,1585135580_1,
T42,1585135809_1,
T42,1585136038_1,
T42,1585136268_1,
T42,1585136497_1,
T42,1585136727_1,
T42,1585136956_1,
T42,1585137186_1,
T42,1585137415_1,
T42,1585137645_1,
T42,1585137874_1,
T42,1585138104_1,
T42,1585138333_1,
T42,1585138563_1,
T42,1585138792_1,
T42,1585139022_1,
T42,1585142929_1,
T42,1585150380_1,
T42,1585150736_1,
T42,1585151088_1,
T42,1585152936_1,
T42,1585154307_1,
T42,1585160697_1,
T42,1585161176_1,
T42,1585161640_1,
T42,1585162104_1,
T42,1585162597_1,
T42,1585177235_1,
T42,1585177689_1,
T42,1585190816_1,
T42,1585191792_1,
T43,1589241288_1,
T43,1589242399_1,
T43,1589243657_1,
T44,1590645812_1,
T44,1590645976_1,
T44,1590646300_1,
T44,1590646466_1,
T44,1590646782_1,
T44,1590646944_1,
T44,1590647259_1,
T44,1590647428_1,
T44,1590647740_1,
T44,1590647909_1,
T44,1590648226_1,
T44,1590648388_1,
T44,1590648776_1,
T44,1590648938_1,
T44,1590696197_1,
T44,1590699969_1,
T46,1604383660_1,
T46,1604385748_1,
T46,1604393413_1,
T46,1604393836_1,
T46,1604398038_1,
T46,1604398650_1,
T46,1604399262_1,
T46,1604399874_1,
T46,1604400498_1,
T46,1604401110_1,
T46,1604401722_1,
T46,1604402334_1,
T46,1604402946_1,
T46,1604403558_1,
T46,1604406618_1,
T46,1604408422_1,
T46,1604409351_1,
T46,1604409844_1,
T46,1604410337_1,
T46,1604410830_1,
T46,1604411323_1,
T46,1604411882_1,
T46,1604412379_1,
T46,1604412876_1,
T46,1604413373_1,
T46,1604413870_1,
T47,1605785873_1,
T47,1605786675_1,
T47,1605795784_1,
T47,1605796665_1,
T47,1605797116_1,
T47,1605797603_1,
T47,1605798088_1,
T47,1605798513_1,
T47,1605804042_1,
T47,1605808125_1,
T47,1605809088_1,
T47,1605810051_1,
T48,1607151601_1,
T48,1607153047_1,
T48,1607153529_1,
T48,1607154011_1,
T48,1607154498_1,
T48,1607154980_1,
T48,1607155462_1,
T48,1607159318_1,
T48,1607159800_1,
T48,1607160282_1,
T48,1607163103_1,
T48,1607164069_1,
T48,1607164552_1,
T48,1607165035_1,
T48,1607165518_1,
T48,1607166001_1,
T48,1607166484_1,
T48,1607166967_1,
T48,1607167933_1,
T48,1607168416_1,
T48,1607168921_1,
T48,1607170413_1,
T48,1607171122_1,
T48,1607171831_1,
T48,1607172540_1,
T48,1607174268_1,
T48,1607174759_1,
T48,1607175231_1,
T48,1607184472_1,
T48,1607185501_1,
T48,1607186550_1,
T48,1607187589_1,
T49,1608488484_1,
T49,1608488718_1,
T49,1608488953_1,
T49,1608489187_1,
T49,1608489421_1,
T49,1608489655_1,
T49,1608489890_1,
T49,1608490124_1,
T49,1608490358_1,
T49,1608491872_1,
T49,1608492136_1,
T49,1608492399_1,
T49,1608492663_1,
T49,1608492927_1,
T49,1608493190_1,
T49,1608493454_1,
T49,1608493717_1,
T49,1608494780_1,
T49,1608495015_1,
T49,1608495249_1,
T49,1608495483_1,
T49,1608495718_1,
T49,1608495952_1,
T49,1608496186_1,
T49,1608496420_1,
T49,1608496655_1,
T49,1608496889_1,
T49,1608498170_1,
T49,1608498433_1,
T49,1608498697_1,
T49,1608498960_1,
T49,1608499224_1,
T49,1608499488_1,
T49,1608499751_1,
T49,1608500015_1,
T49,1608500278_1,
T49,1608501224_1,
T49,1608501488_1,
T49,1608501751_1,
T49,1608502015_1,
T49,1608502278_1,
T49,1608502542_1,
T49,1608502806_1,
T49,1608503069_1,
T49,1608503333_1,
T49,1608503596_1,
T49,1608504958_1,
T49,1608505222_1,
T49,1608505485_1,
T49,1608505749_1,
T49,1608506013_1,
T49,1608506276_1,
T49,1608506540_1,
T49,1608506803_1,
T49,1608507478_1,
T49,1608507742_1,
T49,1608508006_1,
T49,1608508269_1,
T49,1608508533_1,
T49,1608508796_1,
T49,1608509060_1,
T49,1608509324_1,
T49,1608509587_1,
T49,1608509851_1,
T49,1608510114_1,
T49,1608525964_1,
T49,1608526446_1,
T49,1608527892_1,
T49,1608528374_1,
T49,1608528856_1,
T49,1608529338_1,
T49,1608529820_1,
T49,1608530302_1,
T49,1608530784_1,
T49,1608531285_1,
T49,1608531767_1,
T49,1608532249_1,
T49,1608532731_1,
T49,1608533213_1,
T49,1608535141_1,
T49,1608535623_1,
T49,1608536105_1,
T49,1608536587_1,
T49,1608537069_1,
T49,1608537551_1,
T49,1608540360_1,
T49,1608540840_1,
T49,1608541801_1,
T49,1608542286_1,
T49,1608542771_1,
T49,1608543732_1,
T49,1608544208_1,
T49,1608544688_1,
T49,1608545178_1,
T49,1608545677_1,
T49,1608546157_1,
T49,1608547514_1,
T49,1608548283_1,
T49,1608549052_1,
T49,1608549821_1,
T49,1608550961_1,
T49,1608551331_1,
T49,1608552059_1,
T49,1608554941_1,
T51,1616776725_1,
T51,1616777220_1,
T51,1616777715_1,
T51,1616790805_1,
T51,1616791783_1,
T51,1616792272_1,
T51,1616792753_1,
T51,1616793238_1,
T51,1616794225_1,
T51,1616795204_1,
T51,1616795691_1,
T51,1616796190_1,
T51,1616796679_1,
T51,1616797173_1,
T51,1616797640_1,
T51,1616798136_1,
T51,1616798625_1,
T51,1616799107_1,
T51,1616799596_1,
T51,1616800099_1,
T51,1616800551_1,
T51,1616801070_1,
T51,1616801544_1,
T51,1616802017_1,
T51,1616802525_1,
T51,1616803022_1,
T51,1616803510_1,
T51,1616805262_1,
T51,1616805980_1,
T51,1616809093_1,
T51,1616809811_1,
T51,1616812674_1,
T51,1616813392_1,
T51,1616814110_1,
T51,1616815592_1,
T51,1616816066_1,
T51,1616816546_1,
T51,1616817070_1,
T51,1616819792_1,
T51,1616820684_1,
T51,1616821854_1,
T52,1617560417_1,
T52,1617560487_1,
T52,1617560556_1,
T52,1617560625_1,
T52,1617560695_1,
T52,1617560764_1,
T52,1617560833_1,
T52,1617560903_1,
T52,1617560972_1,
T52,1617561041_1,
T52,1617561111_1,
T52,1617561180_1,
T52,1617561249_1,
T52,1617561319_1,
T52,1617561388_1,
T52,1617561457_1,
T52,1617561527_1,
T52,1617561596_1,
T52,1617561665_1,
T52,1617561734_1,
T52,1617561804_1,
T52,1617561873_1,
T52,1617561942_1,
T52,1617562012_1,
T52,1617562081_1,
T52,1617562150_1,
T52,1617562220_1,
T52,1617562289_1,
T52,1617562428_1,
T52,1617562497_1,
T52,1617562566_1,
T52,1617562636_1,
T52,1617562705_1,
T52,1617562774_1,
T52,1617562844_1,
T52,1617563276_1,
T52,1617563346_1,
T52,1617563415_1,
T52,1617563484_1,
T52,1617563554_1,
T52,1617563623_1,
T52,1617563692_1,
T52,1617563762_1,
T52,1617563831_1,
T52,1617563900_1,
T52,1617564039_1,
T52,1617564108_1,
T52,1617564178_1,
T52,1617564247_1,
T52,1617564316_1,
T52,1617564386_1,
T52,1617564455_1,
T52,1617564524_1,
T52,1617564593_1,
T52,1617564663_1,
T52,1617564732_1,
T52,1617564801_1,
T52,1617564871_1,
T52,1617564940_1,
T52,1617565009_1,
T52,1617565079_1,
T52,1617565148_1,
T52,1617565217_1,
T52,1617565287_1,
T52,1617565356_1,
T52,1617565425_1,
T52,1617565495_1,
T52,1617565564_1,
T52,1617565633_1,
T52,1617565703_1,
T52,1617566005_1,
T52,1617566075_1,
T52,1617566144_1,
T52,1617566213_1,
T52,1617566283_1,
T52,1617566352_1,
T52,1617566421_1,
T52,1617566491_1,
T52,1617566560_1,
T52,1617566629_1,
T52,1617566699_1,
T52,1617566768_1,
T52,1617566837_1,
T52,1617566907_1,
T52,1617566976_1,
T52,1617567045_1,
T52,1617567115_1,
T52,1617567184_1,
T52,1617567253_1,
T52,1617567322_1,
T52,1617567392_1,
T52,1617567461_1,
T52,1617567530_1,
T52,1617567600_1,
T52,1617567738_1,
T52,1617567877_1,
T52,1617567946_1,
T52,1617568016_1,
T52,1617568085_1,
T52,1617568154_1,
T52,1617568224_1,
T52,1617568293_1,
T52,1617568362_1,
T52,1617568432_1,
T52,1617568764_1,
T52,1617568834_1,
T52,1617568903_1,
T52,1617568972_1,
T52,1617569042_1,
T52,1617569111_1,
T52,1617569180_1,
T52,1617569250_1,
T52,1617569319_1,
T52,1617569388_1,
T52,1617569458_1,
T52,1617569527_1,
T52,1617569596_1,
T52,1617569666_1,
T52,1617569735_1,
T52,1617569804_1,
T52,1617569874_1,
T52,1617569943_1,
T52,1617570012_1,
T52,1617570081_1,
T52,1617570151_1,
T52,1617570220_1,
T52,1617570289_1,
T52,1617570359_1,
T52,1617570428_1,
T52,1617570497_1,
T52,1617570567_1,
T52,1617570636_1,
T52,1617570705_1,
T52,1617570775_1,
T52,1617570844_1,
T52,1617570913_1,
T52,1617570983_1,
T52,1617571052_1,
T52,1617571121_1,
T52,1617571191_1,
T53,1618885066_1,
T53,1618886499_1,
T53,1618902286_1,
T53,1618903004_1,
T53,1618905967_1,
T53,1618909548_1,
T53,1618910266_1,
T53,1618911186_1,
T53,1618911656_1,
T53,1618912074_1,
T53,1618912496_1,
T53,1618913086_1,
T53,1618913804_1,
T53,1618918057_1,
T53,1618918613_1,
T53,1618922031_1,
T53,1618922587_1,
T53,1618926205_1,
T53,1618926630_1,
T53,1618935645_1,
T53,1618935729_1,
T53,1618935813_1,
T53,1618935896_1,
T53,1618935980_1,
T53,1618936064_1,
T54,1620245324_1,
T54,1620245458_1,
T54,1620245593_1,
T54,1620245727_1,
T54,1620245861_1,
T54,1620245995_1,
T54,1620246533_3,
T54,1620246667_3,
T54,1620246801_1,
T54,1620246935_1,
T54,1620247070_1,
T54,1620247204_1,
T54,1620247473_1,
T54,1620247607_1,
T54,1620247741_1,
T54,1620247876_1,
T54,1620255270_1,
T54,1620255303_1,
T54,1620255335_1,
T54,1620256112_1,
T54,1620256145_1,
T54,1620259536_1,
T54,1620260545_1,
T54,1620261000_1,
T54,1620261976_1,
T54,1620262471_1,
T54,1620262946_1,
T54,1620263421_1,
T54,1620282139_1,
T54,1620282318_1,
T54,1620282497_1,
T54,1620282676_1,
T54,1620282854_1,
T54,1620283033_1,
T54,1620283212_1,
T54,1620283391_1,
T54,1620283570_1,
T54,1620283749_1,
T54,1620283928_1,
T54,1620284106_1,
T54,1620284285_1,
T54,1620284464_1,
T54,1620284643_1,
T54,1620284822_1,
T54,1620285001_1,
T54,1620285358_1,
T54,1620285537_1,
T54,1620285716_1,
T54,1620285895_1,
T54,1620286074_1,
T54,1620286252_1,
T54,1620286431_1,
T54,1620286756_1,
T54,1620292167_1,
T54,1620298305_1,
T54,1620298784_1,
T54,1620301475_1,
T54,1620303717_1,
T54,1620304132_1,
T54,1620308397_1,
T54,1620308812_1,
T54,1620311466_1,
T54,1620311881_1,
T54,1620314655_1,
T54,1620314977_1,
T54,1620317258_1,
T54,1620317580_1,
T54,1620319861_1,
T54,1620320183_1,
T54,1620322755_1,
T54,1620324952_1,
T54,1620326908_1,
T54,1620327149_1,
T54,1620329105_1,
T54,1620329346_1,
T54,1620331302_1,
T54,1620333509_1,
T54,1620335470_1,
T54,1620335664_1,
T55,1621586600_1,
T55,1621586734_1,
T55,1621586868_1,
T55,1621587003_1,
T55,1621605007_1,
T55,1621605186_1,
T55,1621605364_1,
T55,1621605543_1,
T55,1621605722_1,
T55,1621605901_1,
T55,1621606080_1,
T55,1621606259_1,
T55,1621606437_1,
T55,1621606616_1,
T55,1621606795_1,
T55,1621606974_1,
T55,1621607153_1,
T55,1621644061_1,
T55,1621644262_1,
T55,1621644464_1,
T55,1621644665_1,
T55,1621644866_1,
T55,1621645067_1,
T55,1621645268_1,
T55,1621645469_1,
T55,1621645670_1,
T55,1621645871_1,
T55,1621646072_1,
T55,1621646274_1,
T55,1621646475_1,
T55,1621646676_1,
T55,1621646877_1,
T55,1621647078_1,
T55,1621647279_1,
T55,1621647480_1,
T55,1621647681_1,
T55,1621647882_1,
T55,1621648084_1,
T55,1621648285_1,
T55,1621648486_1,
T55,1621648687_1,
T55,1621648888_1,
T55,1621649089_1,
T55,1621649290_1,
T55,1621649491_1,
T55,1621649692_1,
T55,1621649893_1,
T55,1621650095_1,
T55,1621650296_1,
T55,1621650497_1,
T55,1621650698_1,
T55,1621650899_1,
T55,1621651100_1,
T55,1621651301_1,
T55,1621652075_1,
T55,1621654521_1,
T55,1621654959_1,
T55,1621657053_1,
T55,1621657491_1,
T55,1621659585_1,
T55,1621660023_1,
T55,1621662117_1,
T55,1621662555_1,
T55,1621664649_1,
T55,1621665087_1,
T55,1621690434_1,
T55,1621690736_1,
T55,1621690836_1,
T55,1621690937_1,
T55,1621691037_1,
T55,1621691138_1,
T55,1621691239_1,
T55,1621691339_1,
T55,1621691440_1,
T55,1621691541_1,
T55,1621691641_1,
T55,1621691742_1,
T55,1621691842_1,
T55,1621691943_1,
T55,1621692044_1,
T55,1621692144_1,
T55,1621692245_1,
T55,1621692346_1,
T55,1621692446_1,
T55,1621692547_1,
T55,1621692648_1,
T55,1621692945_1,
T55,1621693046_1,
T55,1621693147_1,
T55,1621693247_1,
T55,1621693348_1,
T55,1621693449_1,
T55,1621693549_1,
T55,1621693650_1,
T55,1621693750_1,
T55,1621693851_1,
T55,1621693952_1,
T55,1621694052_1,
T55,1621694153_1,
T55,1621694254_1,
T55,1621694354_1,
T55,1621694455_1,
T55,1621694555_1,
T55,1621694958_1,
T55,1621695685_1,
T55,1621695786_1,
T55,1621696390_1,
T55,1621696692_1,
T55,1621696792_1,
T55,1621696893_1,
T55,1621696994_1,
T55,1621697094_1,
T55,1621697195_1,
T55,1621697295_1,
T55,1621697396_1,
T55,1621697497_1,
T55,1621697597_1,
T55,1621697698_1,
T55,1621697799_1,
T55,1621697899_1,
T55,1621698000_1,
T55,1621698101_1,
T55,1621698378_1,
T55,1621698479_1,
T55,1621698580_1,
T55,1621698680_1,
T55,1621698781_1,
T55,1621698882_1,
T55,1621698982_1,
T55,1621699083_1,
T55,1621699183_1,
T55,1621699284_1,
T55,1621699385_1,
T55,1621699485_1,
T55,1621699586_1,
T55,1621699687_1,
T55,1621699787_1,
T55,1621699988_1,
T55,1621701108_1,
T55,1621701410_1,
T55,1621701813_1,
T55,1621702014_1,
T55,1621702115_1,
T55,1621702215_1,
T55,1621702316_1,
T55,1621702417_1,
T55,1621702517_1,
T55,1621702618_1,
T55,1621702718_1,
T55,1621702819_1,
T55,1621702920_1,
T55,1621703020_1,
T55,1621703121_1,
T55,1621703222_1,
T55,1621703322_1,
T55,1621703423_1,
T55,1621703524_1,
T55,1621703851_1,
T55,1621703952_1,
T55,1621704053_1,
T55,1621704153_1,
T55,1621704254_1,
T55,1621704355_1,
T55,1621704455_1,
T55,1621704556_1,
T55,1621704656_1,
T55,1621704757_1,
T55,1621704858_1,
T55,1621704958_1,
T55,1621705059_1,
T55,1621705160_1,
T55,1621705260_1,
T55,1621705361_1,
T55,1621705562_1,
T55,1621705763_1,
T55,1621706166_1,
T55,1621706267_1,
T55,1621706672_1,
T55,1621706974_1,
T55,1621707276_1,
T55,1621707678_1,
T55,1621707779_1,
T55,1621707880_1,
T55,1621707980_1,
T55,1621708081_1,
T55,1621708181_1,
T55,1621708282_1,
T55,1621708383_1,
T55,1621708483_1,
T55,1621708584_1,
T55,1621708685_1,
T55,1621708785_1,
T55,1621708886_1,
T55,1621708987_1,
T56,1623029365_1,
T57,1624359356_1,
T57,1624359535_1,
T57,1624359714_1,
T57,1624359893_1,
T57,1624360071_1,
T57,1624360250_1,
T57,1624381505_1,
T57,1624382334_1,
T57,1624383138_1,
T57,1624383945_1,
T57,1624413313_1,
T57,1624413491_1,
T57,1624413670_1,
T57,1624413849_1,
T57,1624414028_1,
T57,1624414207_1,
T57,1624414386_1,
T57,1624414565_1,
T57,1624414743_1,
T57,1624414922_1,
T57,1624415101_1,
T57,1624415280_1,
T57,1624415459_1,
T57,1624415638_1,
T57,1624415816_1,
T57,1624415995_1,
T57,1624416174_1,
T57,1624416353_1,
T57,1624416532_1,
T57,1624416711_1,
T57,1624416889_1,
T57,1624417068_1,
T57,1624443139_1,
T57,1624443239_1,
T57,1624443340_1,
T57,1624443440_1,
T57,1624443541_1,
T57,1624443642_1,
T57,1624443742_1,
T57,1624443843_1,
T57,1624443944_1,
T57,1624444044_1,
T57,1624444145_1,
T57,1624444245_1,
T57,1624444346_1,
T57,1624444447_1,
T57,1624444547_1,
T57,1624444648_1,
T57,1624444749_1,
T57,1624444849_1,
T57,1624444950_1,
T57,1624445051_1,
T57,1624445151_1,
T57,1624445252_1,
T57,1624445352_1,
T57,1624445453_1,
T57,1624445554_1,
T57,1624446070_1,
T57,1624446170_1,
T57,1624446271_1,
T57,1624446372_1,
T57,1624446472_1,
T57,1624446573_1,
T57,1624446673_1,
T57,1624446774_1,
T57,1624446875_1,
T57,1624446975_1,
T57,1624447076_1,
T57,1624447177_1,
T57,1624447277_1,
T57,1624447378_1,
T57,1624447478_1,
T57,1624447579_1,
T57,1624447680_1,
T57,1624447780_1,
T57,1624447881_1,
T57,1624447982_1,
T57,1624448082_1,
T57,1624448183_1,
T57,1624448284_1,
T57,1624449836_1,
T57,1624449936_1,
T57,1624450037_1,
T57,1624450138_1,
T57,1624450238_1,
T57,1624450339_1,
T57,1624450440_1,
T57,1624450540_1,
T57,1624450641_1,
T57,1624450741_1,
T57,1624450842_1,
T57,1624450943_1,
T57,1624451043_1,
T57,1624451144_1,
T57,1624451245_1,
T57,1624451345_1,
T57,1624451446_1,
T57,1624451547_1,
T57,1624451647_1,
T57,1624451748_1,
T57,1624451848_1,
T57,1624452596_1,
T57,1624452696_1,
T57,1624452797_1,
T57,1624452898_1,
T57,1624452998_1,
T57,1624453099_1,
T57,1624453199_1,
T57,1624453300_1,
T57,1624453401_1,
T57,1624453501_1,
T57,1624453602_1,
T57,1624453703_1,
T57,1624453803_1,
T57,1624453904_1,
T57,1624454004_1,
T57,1624454105_1,
T57,1624454206_1,
T57,1624454306_1,
T57,1624454407_1,
T57,1624454508_1,
T57,1624456342_1,
T57,1624456543_1,
T57,1624456644_1,
T57,1624456744_1,
T57,1624456845_1,
T57,1624456946_1,
T57,1624457046_1,
T57,1624457147_1,
T57,1624457247_1,
T57,1624457348_1,
T57,1624457449_1,
T57,1624457549_1,
T57,1624457650_1,
T57,1624457751_1,
T57,1624457851_1,
T57,1624457952_1,
T57,1624458053_1,
T57,1624458153_1,
T57,1624459335_1,
T57,1624459424_1,
T57,1624459514_1,
T57,1624459603_1,
T57,1624459692_1,
T57,1624459782_1,
T57,1624459871_1,
T57,1624459961_1,
T57,1624460050_1,
T57,1624460140_1,
T57,1624460229_1,
T57,1624460319_1,
T57,1624460408_1,
T57,1624460498_1,
T57,1624460587_1,
T57,1624460676_1,
T57,1624460766_1,
T57,1624460855_1,
T57,1624462864_1,
T57,1624462953_1,
T57,1624463043_1,
T57,1624463132_1,
T57,1624463222_1,
T57,1624463311_1,
T57,1624463401_1,
T57,1624463490_1,
T57,1624463580_1,
T57,1624463669_1,
T57,1624463759_1,
T57,1624463848_1,
T57,1624463937_1,
T57,1624464027_1,
T57,1624464116_1,
T57,1624464206_1,
T57,1624464295_1,
T57,1624464385_1,
T58,1625771601_1,
T58,1625771653_1,
T58,1625772055_1,
T58,1625772107_1,
T58,1625772534_1,
T58,1625772586_1,
T58,1625773042_1,
T58,1625773094_1,
T58,1625775125_1,
T58,1625775192_1,
T58,1625775260_1,
T58,1625775327_1,
T58,1625775395_1,
T58,1625775462_1,
T58,1625775529_1,
T58,1625775597_1,
T58,1625775664_1,
T58,1625775732_1,
T58,1625775799_1,
T58,1625775867_1,
T58,1625775934_1,
T58,1625776001_1,
T58,1625776069_1,
T58,1625776136_1,
T58,1625776204_1,
T58,1625776271_1,
T58,1625776339_1,
T58,1625776406_1,
T58,1625776474_1,
T58,1625776541_1,
T58,1625776608_1,
T58,1625776676_1,
T58,1625776743_1,
T58,1625776811_1,
T58,1625776878_1,
T58,1625776946_1,
T58,1625777013_1,
T58,1625777081_1,
T58,1625777148_1,
T58,1625777215_1,
T58,1625777283_1,
T58,1625777350_1,
T58,1625777418_1,
T58,1625779034_1,
T58,1625779530_1,
T58,1625780003_1,
T58,1625780494_1,
T58,1625780989_1,
T58,1625781453_1,
T58,1625781918_1,
T58,1625782424_1,
T58,1625782922_1,
T58,1625783398_1,
T58,1625783874_1,
T58,1625784427_1,
T58,1625784937_1,
T58,1625785412_1,
T58,1625785908_1,
T58,1625786879_1,
T58,1625787354_1,
T58,1625787874_1,
T58,1625788353_1,
T58,1625788845_1,
T58,1625789310_1,
T58,1625791287_1,
T58,1625791772_1,
T58,1625792237_1,
T58,1625792726_1,
T58,1625793243_1,
T58,1625794214_1,
T58,1625794696_1,
T58,1625795676_1,
T58,1625796666_1,
T58,1625798126_1,
T59,1627089678_1,
T59,1627089751_1,
T59,1627089824_1,
T59,1627092558_1,
T59,1627092639_1,
T59,1627092720_1,
T59,1627092800_1,
T59,1627092881_1,
T59,1627092962_1,
T59,1627095372_1,
T59,1627095453_1,
T59,1627095534_1,
T59,1627095614_1,
T59,1627095695_1,
T59,1627095776_1,
T59,1627126488_1,
T59,1627129834_1,
T59,1627132693_1,
T59,1627132968_1,
T59,1627133731_1,
T59,1627148208_1,
T59,1627148943_1,
T59,1627149679_1,
T59,1627150411_1,
T59,1627151462_1,
T59,1627154726_1,
T59,1627154826_1,
T59,1627154927_1,
T59,1627155028_1,
T59,1627155129_1,
T59,1627155230_1,
T59,1627155331_1,
T59,1627155431_1,
T59,1627155532_1,
T59,1627155633_1,
T59,1627155734_1,
T59,1627155835_1,
T59,1627155936_1,
T59,1627156036_1,
T59,1627156137_1,
T59,1627156238_1,
T59,1627156339_1,
T59,1627156440_1,
T59,1627156541_1,
T59,1627156641_1,
T59,1627156742_1,
T59,1627156843_1,
T59,1627156944_1,
T59,1627157045_1,
T59,1627157146_1,
T59,1627157246_1,
T59,1627157347_1,
T59,1627157448_1,
T59,1627157549_1,
T59,1627157650_1,
T59,1627157750_1,
T59,1627157952_1,
T59,1627158053_1,
T59,1627158154_1,
T59,1627158255_1,
T59,1627158355_1,
T59,1627158456_1,
T59,1627158557_1,
T59,1627158658_1,
T59,1627158759_1,
T59,1627158860_1,
T59,1627158960_1,
T59,1627159061_1,
T59,1627159162_1,
T59,1627159263_1,
T59,1627159364_1,
T59,1627159465_1,
T61,1629872611_1,
T61,1629872982_1,
T61,1629875783_1,
T61,1629876154_1,
T61,1629880567_1,
T61,1629881123_1,
T61,1629885756_1,
T61,1629901612_1,
T61,1629902114_1,
T61,1629902614_1,
T61,1629903114_1,
T61,1629903533_1,
T61,1629904033_1,
T61,1629904536_1,
T61,1629905033_1,
T61,1629905607_1,
T61,1629906107_1,
T61,1629906607_1,
T61,1629907051_1,
T61,1629907554_1,
T61,1629908052_1,
T61,1629908689_1,
T61,1629910079_1,
T62,1634047770_1,
T62,1634048862_1,
T62,1634049954_1,
T62,1634051046_1,
T62,1634052138_1,
T63,1639283987_1,
T63,1639284031_1,
T63,1639284075_1,
T63,1639284162_1,
T63,1639284206_1,
T63,1639284249_1,
T63,1639284293_1,
T63,1639284337_1,
T63,1639284380_1,
T63,1639284424_1,
T63,1639284467_1,
T63,1639284511_1,
T63,1639284555_1,
T63,1639284598_1,
T63,1639284642_1,
T63,1639284686_1,
T63,1639284729_1,
T63,1639284773_1,
T63,1639284817_1,
T63,1639284860_1,
T63,1639284904_1,
T63,1639284948_1,
T63,1639284991_1,
T63,1639285035_1,
T63,1639285079_1,
T63,1639285161_1,
T63,1639285205_1,
T63,1639285292_1,
T63,1639285336_1,
T63,1639285380_1,
T63,1639285423_1,
T63,1639285467_1,
T63,1639285511_1,
T63,1639285554_1,
T63,1639285598_1,
T63,1639285642_1,
T63,1639285685_1,
T63,1639285729_1,
T63,1639285772_1,
T63,1639285816_1,
T63,1639285860_1,
T63,1639285903_1,
T63,1639285947_1,
T63,1639285991_1,
T63,1639286034_1,
T63,1639286078_1,
T63,1639286122_1,
T63,1639286165_1,
T63,1639286209_1,
T63,1639286253_1,
T63,1639286296_1,
T63,1639286340_1,
T63,1639286384_1,
T63,1639286427_1,
T63,1639286471_1,
T63,1639286514_1,
T63,1639288911_1,
T63,1639289888_1,
T63,1639290377_1,
T63,1639291334_1,
T63,1639291809_1,
T63,1639292291_1,
T63,1639293723_1,
T63,1639296119_1,
T63,1639296584_1,
T63,1639297035_1,
T63,1639297501_1,
T63,1639297985_1,
T63,1639298463_1,
T63,1639298960_1,
T63,1639302760_1,
T63,1639303231_1,
T63,1639303722_1,
T63,1639326703_1,
T63,1639326806_1,
T63,1639326909_1,
T63,1639327011_1,
T63,1639330699_1,
T63,1639330802_1,
T63,1639330905_1,
T63,1639331008_1,
T63,1639331110_1,
T63,1639334820_1,
T63,1639334923_1,
T63,1639335026_1,
T64,1640635414_1,
T64,1640635638_1,
T64,1640635862_1,
T64,1640636309_1,
T64,1640636533_1,
T64,1640636756_1,
T64,1640636980_1,
T64,1640637203_1,
T64,1640637427_1,
T64,1640637651_1,
T64,1640637874_1,
T64,1640638098_1,
T64,1640638322_1,
T64,1640638545_1,
T64,1640638769_1,
T64,1640638992_1,
T64,1640656714_1,
T64,1640658969_1,
T64,1640659079_1,
T64,1640659195_1,
T64,1640659448_4,
T64,1640659668_1,
T64,1640659768_1,
T64,1640659887_1,
T64,1640660025_1,
T64,1640660207_1,
T64,1640663119_4,
T64,1640664319_1,
T64,1640664879_1,
T64,1640665444_1,
T64,1640670042_1,
T65,1642001731_1,
T65,1642002102_1,
T65,1642007538_1,
T65,1642007910_1,
T65,1642010449_1,
T65,1642010820_1,
T65,1642022859_1,
T65,1642049272_1,
T65,1642049878_1,
T65,1642052090_1,
T65,1642054271_1,
T65,1642056452_1,
T66,1643394913_1,
T66,1643395064_1,
T66,1643411254_1,
T66,1643411453_1,
T66,1643411921_1,
T66,1643413339_1,
T66,1643413825_1,
T66,1643414307_1,
T66,1643414779_1,
T66,1643415259_1,
T66,1643415743_1,
T66,1643416214_1,
T66,1643416678_1,
T66,1643417142_1,
T66,1643417608_1,
T67,1649142034_1,
T67,1649142966_1,
T67,1649158815_1,
T67,1649158967_1,
T67,1649159271_1,
T67,1649159423_1,
T67,1649159574_1,
T67,1649159726_1,
T67,1649159878_1,
T67,1649160030_1,
T67,1649160182_1,
T67,1649160333_1,
T67,1649160485_1,
T67,1649160637_1,
T67,1649160789_1,
T67,1649160941_1,
T67,1649165495_1,
T67,1649165646_1,
T67,1649165798_1,
T67,1649165950_1,
T67,1649166102_1,
T67,1649176775_1,
T67,1649177255_1,
T67,1649177725_1,
T67,1649178207_1,
T67,1649178681_1,
T67,1649179170_1,
T67,1649179651_1,
T67,1649180144_1,
T67,1649180633_1,
T67,1649181120_1,
T67,1649181615_1,
T67,1649182126_1,
T67,1649184439_1,
T67,1649184933_1,
T67,1649185398_1,
T67,1649185874_1,
T67,1649186357_1,
T67,1649186817_1,
T67,1649187281_1,
T67,1649187755_1,
T67,1649188240_1,
T67,1649188716_1,
T67,1649192112_1,
T67,1649192212_1,
T67,1649192311_1,
T67,1649192411_1,
T67,1649192511_1,
T67,1649192610_1,
T67,1649192710_1,
T67,1649192809_1,
T67,1649192909_1,
T67,1649193008_1,
T67,1649193108_1,
T67,1649193208_1,
T67,1649193307_1,
T67,1649193407_1,
T67,1649193506_1,
T67,1649193606_1,
T67,1649193705_1,
T67,1649193805_1,
T67,1649193905_1,
T67,1649194004_1,
T67,1649195998_1,
T67,1649196481_1,
T67,1649197917_1,
T67,1649198400_1,
T67,1649198883_1,
T67,1649199363_1,
T67,1649199842_1,
T67,1649200321_1,
T67,1649203683_1,
T67,1649204162_1,
T67,1649204642_1,
T67,1649205121_1,
T67,1649205606_1,
T67,1649206079_1,
T68,1652971261_1,
T68,1652971309_1,
T68,1652971359_1,
T68,1653124068_1,
T68,1653125265_1,
T69,1654351048_1,
T69,1654351110_1,
T69,1654351177_1,
T69,1654351251_1,
T69,1654365428_1,
T69,1654366211_1,
T69,1654366966_1,
T69,1654367703_1,
T69,1654368455_1,
T69,1654369208_1,
T69,1654370011_1,
T69,1654370326_1,
T69,1654370823_1,
T69,1654415460_1,
T69,1654415584_1,
T69,1654415707_1,
T69,1654415830_1,
T69,1654415953_1,
T69,1654416076_1,
T69,1654416199_1,
T69,1654416322_1,
T69,1654416446_1,
T69,1654416700_1,
T69,1654416824_1,
T69,1654416947_1,
T69,1654417070_1,
T69,1654417193_1,
T69,1654417316_1,
T69,1654417439_1,
T69,1654417562_1,
T70,1655729625_1,
T70,1655731891_1,
T70,1655747235_1,
T70,1655761276_1,
T70,1655761400_1,
T70,1655761523_1,
T70,1655761646_1,
T70,1655761769_1,
T70,1655761892_1,
T70,1655762015_1,
T70,1655762138_1,
T70,1655762262_1,
T70,1655762385_1,
T70,1655762508_1,
T70,1655762631_1,
T70,1655762754_1,
T70,1655762877_1,
T70,1655763001_1,
T70,1655763124_1,
T70,1655763247_1,
T70,1655763370_1,
T70,1655763493_1,
T70,1655763616_1,
T70,1655763739_1,
T70,1655763863_1,
T70,1655781986_1,
T70,1655782422_1,
T70,1655782927_1,
T70,1655783415_1,
T70,1655784956_1,
T70,1655787934_1,
T70,1655788743_1,
T70,1655791511_1,
T70,1655798002_1,
T70,1655798627_1,
T70,1655799152_1,
T70,1655799764_1,
T71,1657125437_1,
T71,1657127658_1,
T71,1657129859_1,
T71,1657132070_1,
T71,1657177998_1,
T71,1657178597_1,
T71,1657179290_1,
T71,1657183640_1,
T71,1657184416_1,
T71,1657186493_1,
T71,1657367784_1,
T72,1664040738_1,
T72,1664041308_1,
T72,1664041879_1,
T72,1664042438_1,
T72,1664046819_1,
T72,1664047238_1,
T72,1664047657_1,
T72,1664048082_1,
T72,1664048553_1,
T72,1664048985_1,
T72,1664049476_1,
T72,1664049900_1,
T72,1664050528_1,
T72,1664051591_1,
T72,1664052118_1,
T72,1664052654_1,
T72,1664053176_1,
T72,1664053705_1,
T72,1664054241_1,
T72,1664055267_1,
T72,1664070941_1,
T72,1664071075_1,
T72,1664071209_1,
T72,1664071344_1,
T72,1664071478_1,
T72,1664071612_1,
T72,1664071746_1,
T72,1664071881_1,
T72,1664072015_1,
T72,1664072149_1,
T72,1664072284_1,
T72,1664072418_1,
T72,1664072552_1,
T72,1664072687_1,
T72,1664072821_1,
T72,1664072955_1,
T72,1664073089_1,
T72,1664073224_1,
T72,1664073358_1,
T72,1664073492_1,
T72,1664073627_1,
T72,1664073761_1,
T72,1664073895_1,
T72,1664074029_1,
T72,1664074164_1,
T72,1664074298_1,
T72,1664074432_1,
T72,1664074567_1,
T72,1664074701_1,
T72,1664074835_1,
T72,1664074970_1,
T72,1664075104_1,
T72,1664075238_1,
T72,1664075372_1,
T72,1664075507_1,
T72,1664075641_1,
T74,1677311307_1,
T74,1677311347_1,
T74,1677311944_1,
T74,1677311984_1,
T74,1677483448_1,
T74,1677483479_1,
T74,1677484108_1,
T74,1677484139_1,
T74,1677854896_1,
T74,1677854966_1,
T74,1677855616_1,
T74,1677855686_1,
T74,1678027764_1,
T74,1678027795_1,
T74,1678028432_1,
T74,1678028463_1,
T75,1681903787_1,
T75,1681903910_1,
T75,1681904156_1,
T75,1681904279_1,
T75,1681904402_1,
T75,1681904526_1,
T75,1681904649_1,
T75,1681912407_1,
T76,1683591179_1,
T76,1683591824_1,
T76,1683592484_1,
T76,1683593812_1,
T76,1683595199_1,
T76,1683595912_1,
T76,1683596624_1,
T76,1683598194_1,
T76,1683598288_1,
T76,1683598364_1,
T76,1683598389_1,
T76,1683598413_1,
T76,1683598438_1,
T76,1683598462_1,
T76,1683598487_1,
T76,1683598546_1,
T76,1683598622_1,
T76,1683598647_1,
T76,1683598671_1,
T76,1683598696_1,
T76,1683598720_1,
T76,1683598745_1,
T76,1683598805_1,
T76,1683598881_1,
T76,1683598928_1,
T76,1683598974_1,
T76,1683599031_1,
T76,1683599107_1,
T76,1683599132_1,
T76,1683599156_1,
T76,1683599181_1,
T76,1683599205_1,
T76,1683599230_1,
T76,1683599299_1,
T76,1683599375_1,
T76,1683599400_1,
T76,1683599424_1,
T76,1683599449_1,
T76,1683599473_1,
T76,1683599498_1,
T76,1683599580_1,
T76,1683599790_1,
T76,1683613204_1,
T76,1683613327_1,
T76,1683613450_1,
T76,1683613573_1,
T76,1683613696_1,
T76,1683613943_1,
T76,1683614066_1,
T76,1683614189_1,
T76,1683614312_1,
T76,1683614435_1,
T76,1683614558_1,
T76,1683614681_1,
T76,1683614805_1,
T76,1683614928_1,
T76,1683615051_1,
T76,1683615174_1,
T76,1683615297_1,
T76,1683615420_1,
T76,1683615544_1,
T76,1683615667_1,
T76,1683615790_1,
T76,1683615913_1,
T76,1683616036_1,
T76,1683616159_1,
T76,1683616282_1,
T76,1683616406_1,
T76,1683616529_1,
T76,1683616652_1,
T76,1683616775_1,
T76,1683616898_1,
T76,1683617021_1,
T76,1683617144_1,
T76,1683617268_1,
T76,1683617391_1,
T76,1683617514_1,
T76,1683617637_1,
T76,1683617760_1,
T76,1683617883_1,
T76,1683618007_1,
T76,1683618130_1,
T76,1683618342_1,
T76,1683618466_1,
T76,1683618589_1,
T76,1683618712_1,
T76,1683618958_1,
T76,1683619081_1,
T76,1683619204_1,
T76,1683619328_1,
T76,1683619451_1,
T76,1683619574_1,
T76,1683619697_1,
T76,1683619820_1,
T76,1683619943_1,
T76,1683620067_1,
T76,1683620190_1,
T76,1683620313_1,
T76,1683620436_1,
T76,1683620559_1,
T76,1683620682_1,
T76,1683620805_1,
T76,1683640894_1,
T76,1683885789_1,
T76,1683885872_1,
T76,1684254198_1,
T76,1684254244_2,
T76,1684426999_1,
T76,1684427050_1,
T77,1685868928_1,
T77,1685868960_1,
T77,1685869686_1,
T77,1685869718_1,
T77,1686495835_1,
T77,1686495872_1,
T77,1686668036_1,
T77,1686668087_1,
T77,1686668883_1,
T77,1686668934_1,
T77,1687298776_1,
T77,1687298900_1,
T77,1687299023_1,
T77,1687299146_1,
T77,1687299269_1,
T77,1687299392_1,
T77,1687299515_1,
T77,1687299638_1,
T77,1687299762_1,
T77,1687299885_1,
T77,1687300008_1,
T77,1687300131_1,
T77,1687300254_1,
T77,1687300377_1,
T77,1687300501_1,
T77,1687300624_1,
T77,1687300747_1,
T77,1687300870_1,
T77,1687300993_1,
T77,1687301116_1,
T77,1687301239_1,
T77,1687301363_1,
T77,1687301486_1,
T77,1687301609_1,
T77,1687301732_1,
T77,1687301855_1,
T77,1687301978_1,
T77,1687302101_1,
T77,1687302225_1,
T77,1687302348_1,
T77,1687302594_1,
T77,1687302717_1,
T77,1687302840_1,
T77,1687302964_1,
T77,1687303087_1,
T77,1687303210_1,
T77,1687303333_1,
T77,1687303456_1,
T77,1687303579_1,
T77,1687303702_1,
T77,1687303826_1,
T77,1687303949_1,
T77,1687304072_1,
T77,1687304195_1,
T77,1687304318_1,
T77,1687304441_1,
T77,1687304565_1,
T77,1687307753_1,
T77,1687310693_1,
T77,1687311421_1,
T77,1687312906_1,
T77,1687313653_1,
T77,1687315861_1,
T77,1687317338_1,
T77,1687318816_1,
T78,1694431317_1,
T78,1694431391_1,
T78,1694431464_1,
T78,1694437057_1,
T78,1694437138_1,
T78,1694437219_1,
T78,1694437300_1,
T78,1694437381_1,
T78,1694437462_1,
T78,1694437542_1,
T78,1694437623_1,
T78,1694437704_1,
T78,1694437785_1,
T78,1694437866_1,
T78,1694437947_1,
T78,1694438108_1,
T78,1694438189_1,
T78,1694438270_1,
T78,1694438351_1,
T78,1694438432_1,
T78,1694460084_1,
T78,1694462404_1,
T78,1694465064_1,
T78,1694467804_1,
T78,1694470464_1,
T78,1694504624_1,
T78,1694504922_1,
T78,1694505220_1,
T78,1694505518_1,
T78,1694505816_1,
T78,1694506114_1,
T79,1701918558_1,
T79,1702503694_1,
T79,1702504215_1,
T79,1702504747_1,
T79,1702505209_1,
T79,1702505572_1,
T79,1702505784_1,
T79,1702506307_1,
T79,1702506795_1,
T79,1702507297_1,
T79,1702507658_1,
T79,1702507884_1,
T79,1702508415_1,
T79,1702515690_1,
T79,1702516410_1,
T79,1702517175_1,
T79,1702519447_1,
T79,1702520145_1,
T79,1702522357_1,
T79,1702522635_1,
T79,1702523078_1,
T79,1702523358_1,
T79,1702525292_1,
T79,1702525591_1,
T79,1702526015_1,
T79,1702526259_1,
T79,1702528150_1,
T79,1702539031_1,
T79,1702554787_1,
T79,1702554859_1,
T79,1702554932_1,
T79,1702555096_1,
T79,1702555169_1,
T79,1702555242_1,
T79,1702555314_1,
T79,1702555387_1,
T79,1702555459_1,
T79,1702555532_1,
T79,1702555604_1,
T79,1702555677_1,
T79,1702555750_1,
T79,1702555822_1,
T79,1702555895_1,
T79,1703189613_1,
T80,1704199701_1,
T80,1704199758_1,
T80,1704199816_1,
T80,1704199873_1,
T80,1704199930_1,
T80,1704199987_1,
T80,1704200044_1,
T80,1704200101_1,
T80,1704200158_1,
T80,1704200215_1,
T80,1704200272_1,
T80,1704200329_1,
T80,1704200386_1,
T80,1704200462_1,
T80,1704200694_1,
T80,1704200752_1,
T80,1704200809_1,
T80,1704200866_1,
T80,1704200923_1,
T80,1704200980_1,
T80,1704201037_1,
T80,1704201103_1,
T80,1704201168_1,
T80,1704201233_1,
T80,1704201298_1,
T80,1704201363_1,
T80,1704201428_1,
T80,1704201494_1,
T80,1704201559_1,
T80,1704201624_1,
T80,1704201689_1,
T80,1704201754_1,
T80,1704201819_1,
T80,1704201885_1,
T80,1704213598_1,
T80,1704214198_1,
T80,1704214793_1,
T80,1704215393_1,
T80,1704215984_1,
T80,1704216588_1,
T80,1704217199_1,
T81,1706617703_1,
T81,1706618292_1,
T81,1706619483_1,
T81,1706620046_1,
T81,1706620609_1,
T81,1706620840_1,
T81,1706621403_1,
T81,1706622197_1,
T81,1706623203_1,
T81,1706623943_1,
T81,1706625383_1,
T81,1706628283_1,
T81,1706629270_1,
T81,1706632163_1,
T81,1706634363_1,
T81,1706652988_1,
T81,1706653112_1,
T81,1706653235_1,
T81,1706653358_1,
T81,1706653481_1,
T81,1706653604_1,
T81,1706653727_1,
T81,1706653850_1,
T81,1706653974_1,
T81,1706654097_1,
T81,1706654220_1,
T82,1708285258_1,
T82,1708285339_1,
T82,1708285420_1,
T82,1708285501_1,
T82,1708285581_1,
T82,1708285662_1,
T82,1708285743_1,
T82,1708285824_1,
T82,1708285905_1,
T82,1708285986_1,
T82,1708286067_1,
T82,1708286147_1,
T82,1708319339_1,
T82,1708319440_1,
T82,1708319541_1,
T82,1708319642_1,
T82,1708319743_1,
T82,1708319844_1,
T82,1708319944_1,
T82,1708320045_1,
T82,1708320146_1,
T82,1708320247_1,
T82,1708320348_1,
T82,1708320449_1,
T82,1708320549_1,
T82,1708320650_1,
T82,1708343498_1,
T82,1708344702_1,
T82,1708344803_1,
T82,1708344904_1,
T82,1708345005_1,
T82,1708345106_1,
T82,1708345207_1,
T82,1708345307_1,
T82,1708345408_1,
T82,1708345509_1,
T82,1708345610_1,
T82,1708345711_1,
T82,1708345811_1,
T82,1708345912_1,
T82,1708346013_1,
T82,1708346114_1,
T82,1708346215_1,
T82,1708346316_1,
T82,1708346416_1,
T82,1708346517_1,
T82,1708346618_1,
T82,1708346719_1,
T82,1708346820_1,
T82,1708346921_1,
T82,1708347021_1,
T82,1708347122_1,
T82,1708347223_1,
T82,1708347324_1,
T82,1708347425_1,
T82,1708347526_1,
T82,1708347626_1,
T82,1708347727_1,
T82,1708347828_1,
T82,1708347929_1,
T82,1708348030_1,
T82,1708348131_1,
T82,1708348332_1,
T82,1708348433_1,
T82,1708348534_1,
T82,1708348635_1,
T82,1708348736_1,
T82,1708348836_1,
T82,1708348937_1,
T82,1708349038_1,
T82,1708349139_1,
T82,1708349240_1,
T82,1708349340_1,
T82,1708349441_1,
T82,1708349542_1,
T82,1708349643_1,
T82,1708349744_1,
T82,1708349845_1,
T82,1708349945_1,
T82,1708350046_1,
T82,1708350147_1,
T82,1708350248_1,
T82,1708350349_1,
T82,1708350450_1,
T82,1708350550_1,
T82,1708350651_1,
T83,1716367125_1,
T83,1716370485_1,
T83,1716371888_1,
T83,1716376007_1,
T83,1716381587_1,
T83,1716381847_1,
T84,1717754446_1,
T84,1717754681_1,
T84,1717781486_1,
T84,1717781556_1,
T84,1717781625_1,
T84,1717781694_1,
T84,1717781764_3,
T85,1721856031_1,
T85,1721858867_1,
T85,1721859362_1,
T85,1721859857_1,
T85,1721860313_1,
T85,1721860807_1,
T85,1721861079_1,
T85,1721861579_1,
T85,1721861637_1,
T85,1721861695_1,
T85,1721861753_1,
T85,1721861811_1,
T85,1721861869_1,
T85,1721861927_1,
T85,1721861985_1,
T85,1721862043_1,
T85,1721862101_1,
T85,1721862159_1,
T85,1721862217_1,
T85,1721862275_1,
T85,1721862333_1,
T85,1721862391_1,
T85,1721862449_1,
T85,1721862527_1,
T85,1721866041_1,
T85,1721866164_1,
T85,1721866287_1,
T85,1721866410_1,
T85,1721866533_1,
T85,1721866656_1,
T85,1721866780_1,
T85,1721866903_1,
T85,1721867026_1,
T85,1721867149_1,
T85,1721867272_1,
T85,1721867395_1,
T85,1721867518_1,
T85,1721867642_1,
T85,1721867765_1,
T85,1721867888_1,
T85,1721868011_1,
T85,1721868134_1,
T85,1721868257_1,
T85,1721868381_1,
T85,1721868504_1,
T85,1721868750_1,
T85,1721868873_1,
T85,1721868996_1,
T85,1721869119_1,
T85,1721869243_1,
T85,1721869366_1,
T85,1721869489_1,
T85,1721869612_1,
T85,1721869735_1,
T85,1721869858_1,
T85,1721869982_1,
T85,1721870105_1,
T85,1721870228_1,
T85,1721870351_1,
T85,1721870474_1,
T85,1721872879_1,
T85,1721874414_1,
T86,1727361061_1,
T86,1727371868_1,
T86,1727402425_1,
T86,1727402862_1,
T86,1727407725_1,
T86,1727408119_1,
T87,1730564353_1,
T87,1730565186_1,
T87,1730565269_1,
T87,1731518727_1,
T87,1731518905_1,
T87,1731520694_1,
T87,1731520872_1,
T88,1732078575_1,
T88,1732078654_1,
T88,1732080435_1,
T88,1732142495_1,
T88,1732251283_1,
T88,1732251362_1,
T88,1732337747_1,
T88,1732337826_1,
T88,1732843579_1,
T88,1732856181_1,
T88,1732866681_1,
T88,1732866880_1,
T88,1732867561_1,
T88,1732867760_1,
T88,1732874352_1,
T88,1732874866_1,
T88,1732875312_1,
T88,1732875761_1,
T88,1732876173_1,
T88,1732876622_1,
T88,1732877058_1,
T88,1732877441_1,
T88,1732877802_1,
T88,1732879618_1,
T88,1732880164_1,
T88,1732880676_1,
T88,1732881586_1,
T88,1732882196_1,
T88,1732882767_1,
T88,1732883312_1,
T88,1732886104_1,
T88,1732886659_1,
T88,1732933182_1,
T88,1732933277_1,
T88,1732933372_1,
T88,1732933467_1,
T88,1732933562_1,
T88,1732933657_1,
T88,1732933752_1,
T88,1732933847_1,
T88,1732933942_1,
T88,1732934037_1,
T88,1732934132_1,
T88,1732934226_1,
T88,1732934321_1,
T88,1732934416_1,
T88,1732934511_1,
T88,1732934606_1,
T88,1732934701_1,
T88,1732934796_1,
T88,1732934891_1,
T88,1732934986_1,
T88,1732935176_1,
T88,1732935270_1,
T88,1732947091_1,
T88,1732947186_1,
T88,1732947281_1,
T88,1732947376_1,
T88,1732947470_1,
T88,1732947565_1,
T88,1732947660_1,
T88,1732947755_1,
T88,1732947850_1,
T88,1732947945_1,
T88,1732948040_1,
T88,1732948135_1,
T88,1732948230_1,
T88,1732948325_1,
T88,1732948420_1,
T88,1732948515_1,
T88,1732955994_1,
T88,1732956070_1,
T88,1732956146_1,
T88,1732956222_1,
T88,1732956298_1,
T88,1732956374_1,
T88,1732956450_1,
T88,1732956526_1,
T88,1732956602_1,
T88,1732956678_1,
T88,1732956754_1,
T88,1732956830_1,
T88,1732956906_1,
T88,1732956982_1,
T88,1732957058_1,
T88,1732957134_1,
T88,1732957210_1,
T88,1732957286_1,
T88,1732957438_1,
T89,1739806001_1,
T89,1739807531_1,
T89,1739807666_1,
T89,1739807801_1,
T89,1739807937_1,
T89,1739808072_1,
T89,1739808207_1,
T89,1739808343_1,
T89,1739808478_1,
T89,1739808613_1,
T89,1739808748_1,
T89,1739808884_1,
T89,1739809019_1,
T89,1739809154_1,
T89,1739809290_1,
T89,1739809425_1,
T89,1739818058_1,
T89,1739818151_1,
T89,1739818243_1,
T89,1739818335_1,
T89,1739818428_1,
T89,1739818520_1,
T89,1739831435_1,
T89,1740007627_1,
T89,1740007721_1,
T89,1740028827_1,
T89,1740028921_1,
T89,1740034247_1,
T89,1740034341_1,
T89,1740039647_1,
T89,1740039741_1,
T89,1740045107_1,
T89,1740055867_1,
T89,1740055961_1,
T89,1740061247_1,
T89,1740061341_1,
T89,1740066627_1,
T89,1740066721_1,
T89,1740072047_1,
T89,1740072141_1,
T89,1740077467_1,
T89,1740077561_1,
T89,1740082861_1,
T89,1740087290_1,
T90,1743876548_1,
T90,1743888970_1,
T90,1743889014_1,
T90,1743889057_1,
T90,1743889101_1,
T90,1743889144_1,
T90,1743889188_1,
T90,1743896394_1,
T90,1743896649_1,
T90,1743896943_1,
T90,1743897237_1,
T90,1743897492_1,
T90,1743898211_1,
T90,1743900946_1,
T90,1743901868_1,
T90,1743904502_1,
T90,1743905016_1,
T90,1743905600_1,
T90,1743906699_1,
T90,1743907531_1,
T90,1743908100_1,
T90,1743912473_1,
T90,1743913336_1,
T90,1743914501_1,
T90,1743915783_1,
T90,1743919908_1,
T90,1743920286_1,
T90,1743920475_1,
T90,1743925156_1,
T90,1743925312_1,
T90,1743925659_1,
T90,1743926275_1,
T90,1743926865_1,
T90,1743940047_1,
T90,1743949907_1,
T90,1743949988_1,
T90,1743950069_1,
T90,1743950149_1,
T90,1743950230_1,
T90,1743950311_1,
T90,1743950392_1,
T90,1743950473_1,
T90,1743950554_1,
T90,1743950634_1,
T90,1743950715_1,
T90,1743950796_1,
T90,1743950877_1,
T90,1743950958_1,
T90,1743951039_1,
T90,1743951120_1,
T90,1743951200_1,
T90,1743951362_1,
T90,1743951443_1,
T90,1743951524_1,
T90,1743951605_1,
T90,1743951686_1,
T90,1743951766_1,
T90,1743951847_1,
T91,1747367212_1,
T91,1747367291_1,
T91,1747480628_1,
T91,1747480722_1,
T91,1748046674_1,
T91,1748047454_1,
T91,1748048174_1,
T91,1748048902_1,
T91,1748049629_1,
T91,1748050349_1,
T91,1748051061_1,
T91,1748052509_1,
T91,1748053252_1,
T91,1748053987_1,
T91,1748054715_1,
T91,1748055450_1,
T91,1748056147_1,
T91,1748057964_1,
T91,1748061934_1,
T91,1748062655_1,
T91,1748063017_1,
T91,1748069254_1,
T91,1748084035_1,
T91,1748084116_1,
T91,1748084197_1,
T91,1748084278_1,
T91,1748084359_1,
T91,1748084440_1,
T91,1748084520_1,
T91,1748084601_1,
T91,1748084682_1,
T91,1748084763_1,
T91,1748084844_1,
T91,1748084925_1,
T91,1748085005_1,
T91,1748085086_1,
T91,1748085167_1,
T91,1748085248_1,
T91,1748085329_1,
T91,1748085410_1,
T91,1748085491_1,
T91,1748085571_1,
T91,1748085652_1,
T91,1748085733_1,
T91,1748085814_1,
T91,1748085895_1,
T91,1748085976_1,
T91,1748086057_1,
T91,1748086137_1,
T91,1748086218_1,
T91,1748086299_1,
T91,1748086380_1,
T91,1748086461_1,
T91,1748086542_1,
T91,1748086623_1,
T91,1748086703_1,
T91,1748086784_1,
T91,1748086865_1,
T91,1748086946_1,
T91,1748087027_1,
T91,1748087108_1,
T91,1748087189_1,
T91,1748087269_1,
T91,1748092360_1,
T91,1748092440_1,
T91,1748092521_1,
T91,1748092602_1,
T91,1748092683_1,
T91,1748092764_1,
T91,1748092845_1,
T91,1748092925_1,
T91,1748093006_1,
T91,1748093087_1,
T91,1748093168_1,
T91,1748093249_1,
T91,1748093330_1,
T91,1748093411_1,
T91,1748093491_1,
T91,1748093572_1,
T91,1748093653_1,
T91,1748093734_1,
T91,1748093815_1,
T91,1748093896_1,
T91,1748093977_1,
T91,1748094057_1,
T91,1748094138_1,
T91,1748094219_1,
T91,1748094300_1,
T91,1748094381_1,
T91,1748094462_1,
T91,1748094543_1,
T91,1748094623_1,
T91,1748094704_1,
T91,1748094785_1,
T91,1748094866_1,
T91,1748094947_1,
T91,1748095028_1,
T91,1748095351_1,
T91,1748157519_1,
T91,1748161884_1,
T91,1748191099_1,
T91,1748191256_1,
T92,1752160653_1,
T92,1752161310_1,
T92,1752162115_3,
T92,1752162850_1,
T92,1752163532_1,
T92,1752164252_1,
T92,1752165292_1,
T92,1752166720_1,
T92,1752167425_1,
T92,1752169885_1,
T92,1752170605_1,
T92,1752172039_1,
T92,1752172360_1,
T92,1752172681_1,
T92,1752173012_1,
T92,1752173200_1,
T92,1752173388_1,
T92,1752173576_1,
T92,1752173916_1,
T92,1752174068_1,
T92,1752175173_1,
T92,1752175996_1,
T92,1752177430_1,
T92,1752178300_1,
T92,1752178620_1,
T92,1752178977_1,
T92,1752179847_1,
T92,1752180167_1,
T92,1752183474_1,
T92,1752183894_1,
T92,1752187202_1,
T92,1752188376_1,
T92,1752188543_1,
T92,1752188838_1,
T92,1752190630_1,
T92,1752191283_1,
T92,1752193773_1,
T92,1752194568_1,
T92,1752195348_1,
T92,1752196128_1,
T92,1752196893_1,
T92,1752198460_1,
T92,1752199240_1,
T92,1752200021_1,
T92,1752202053_1,
T92,1752259626_1,
T92,1752265445_1,
T92,1752269285_1,
T92,1752272785_1,
T92,1752276245_1,
T92,1752279325_1,
T92,1752283685_1,
T92,1752286846_1,
T92,1752290745_1,
T92,1752293889_1,
T92,1752296306_1,
T92,1752299626_1,
T92,1752302706_1,
T92,1752305606_1,
T92,1752308406_1,
T92,1752312486_1,
T92,1752312609_1,
T92,1752317726_1,
T92,1752317849_1,
T92,1752322726_1,
T92,1752322849_1,
T92,1752326846_1,
T92,1752329526_1,
T92,1752332906_1,
T92,1752336063_1,
T92,1752478232_1,
T92,1752478320_1,
T92,1752479228_1,
T92,1752480062_1,
T92,1752480150_1,
T92,1752480977_1,
T92,1752481065_1,
T93,1752736301_1,
T93,1752736406_1,
T93,1752737718_1,
T93,1752737823_1,
T93,1752739196_1,
T93,1752739301_1,
T93,1753535313_1,
T93,1753536201_1,
T93,1753537175_1,
T93,1753539316_1,
T93,1753539663_1,
T93,1753540298_1,
T93,1753540592_1,
T93,1753541227_1,
T93,1753541468_1,
T93,1753542496_1,
T93,1753543276_1,
T93,1753544079_1,
T93,1753544799_1,
T93,1753545496_1,
T93,1753546276_1,
T93,1753547074_1,
T93,1753549196_1,
T93,1753550378_1,
T93,1753551713_1,
T93,1753552351_1,
T93,1753552816_1,
T93,1753554136_1,
T93,1753555253_1,
T93,1753555930_1,
T93,1753556596_1,
T93,1753557721_1,
T93,1753559063_1,
T93,1753560203_1,
T93,1753561538_1,
T93,1753562696_1,
T93,1753564056_1,
T93,1753566897_1,
T93,1753567720_1,
T93,1753568014_1,
T93,1753570878_1,
T93,1753570922_1,
T93,1753571216_1,
T93,1753571684_1,
T93,1753572617_1,
T93,1753573883_1,
T93,1753574184_1,
T93,1753575007_1,
T93,1753575841_1,
T93,1753576134_1,
T93,1753577400_1,
T93,1753577688_1,
T93,1753578272_1,
T93,1753635174_1,
T93,1753635417_1,
T93,1753640494_1,
T93,1753645239_1,
T93,1753645458_1,
T93,1753649594_1,
T93,1753652394_1,
T93,1753656034_1,
T93,1753658774_1,
T93,1753661132_1,
T93,1753879324_1,
T93,1753879418_1,
T93,1753880674_1,
T93,1753880768_1,
T93,1753882144_1,
T93,1753882238_1,
T94,1757594358_1,
T94,1757594443_1,
T94,1757602005_1,
T94,1757602109_1,
T94,1757602213_1,
T94,1757603102_1,
T94,1757603206_1,
T94,1757603310_1,
T94,1757667322_1,
T94,1757667769_1,
T94,1757668833_1,
T94,1757668883_1,
T94,1757668932_1,
T94,1757668982_1,
T94,1757669031_1,
T94,1757669081_1,
T94,1757669130_1,
T94,1757669180_1,
T94,1757669229_1,
T94,1757669279_1,
T94,1757669328_1,
T94,1757669378_1,
T94,1757669427_1,
T94,1757669477_1,
T94,1757669526_1,
T94,1757669576_1,
T94,1757669625_1,
T94,1757669675_1,
T94,1757669724_1,
T94,1757669774_1,
T94,1757669823_1,
T94,1757669873_1,
T94,1757669922_1,
T94,1757669971_1,
T94,1757670021_1,
T94,1757670070_1,
T94,1757670120_1,
T94,1757670169_1,
T94,1757670219_1,
T94,1757671180_1,
T94,1757671772_1,
T94,1757672350_1,
T94,1757674697_1,
T94,1757676097_1,
T94,1757677397_1,
T94,1757680077_1,
T94,1757681397_1,
T94,1757682717_1,
T94,1757684036_1,
T94,1757685376_1,
T94,1757686716_1,
T94,1757688136_1,
T94,1757689476_1,
T94,1757690736_1,
T94,1757692096_1,
T94,1757693336_1,
T94,1757693933_1,
T94,1757694796_1,
T94,1757696016_1,
T94,1757697316_1,
T94,1757698876_1,
T94,1757699595_1,
T94,1757700029_1,
T94,1757700415_1,
T94,1757701184_1,
T94,1757701618_1,
T94,1757702337_1,
T94,1757702771_1,
T94,1757703992_1,
T94,1757704711_1,
T94,1757705145_1,
T94,1757705915_1,
T94,1757706460_1,
T94,1757706894_1,
T94,1757707346_1,
T94,1757773280_1,
T94,1757776020_1,
T94,1757779540_1,
T94,1757783020_1,
T94,1757786000_1,
T94,1757788180_1,
T94,1757791360_1,
T94,1757794560_1,
T94,1757797348_1,
T94,1758014565_1,
T94,1758014694_1,
T94,1758015622_1,
T94,1758015765_1,
T95,1760443124_1,
T95,1760445844_1,
T95,1760448464_1,
T95,1760451044_1,
T95,1760452344_1,
T95,1760452565_1,
T95,1760455804_1,
T95,1760456134_1,
T95,1760458244_1,
T95,1760459344_1,
T95,1760460063_1,
T95,1760463484_1,
T95,1760465124_1,
T95,1760465681_1,
T95,1760468004_1,
T95,1760468561_1,
T95,1760468739_1,
T95,1760469440_1,
T95,1760470004_1,
T95,1760470182_1,
T95,1760470947_1,
T95,1760528318_1,
T95,1760529979_1,
T95,1760532878_1,
T95,1760537278_1,
T95,1760539578_1,
T95,1760542698_1,
T95,1760545018_1,
T95,1760547298_1,
T95,1760551678_1,
T95,1760554478_1,
T95,1760557918_1,
T95,1760560518_1,
T95,1760564538_1,
T95,1760568858_1,
T95,1760573358_1,
T95,1760577738_1,
T95,1760581278_1,
T95,1760581471_1,
T95,1760582183_1,
T95,1760592076_1,
T95,1760592886_1,
T95,1761006926_2,
T95,1761007043_2,
T95,1761007931_1,
T95,1761008048_1,
T95,1761008966_1,
T95,1761009083_1,
T95,1761009889_1,
T95,1761010006_1,
T96,1764557902_1,
T96,1764559402_1,
T96,1764578522_1,
T96,1764581562_1,
T96,1764585543_1,
T96,1764586262_1,
T96,1764587701_1,
T96,1764590565_1,
T96,1764590849_1,
T96,1764595623_1,
T96,1764595906_1,
T96,1764596501_1,
T96,1764598721_1,
T96,1764600143_1,
T96,1764600626_1,
T96,1764600928_1,
T96,1764602933_1,
T97,1767291460_1,
T97,1767312723_1,
T97,1767313307_1,
T97,1767313848_1,
T97,1767314425_1,
T97,1767326860_1,
T97,1767329342_3,
T97,1767331825_1,
T97,1767334262_1,
T97,1767336782_1,
T97,1767339227_1,
T97,1767342032_1,
T97,1767342227_1,
T97,1767342995_1,
T97,1767343443_1,
T97,1767344118_1,
T97,1767346809_1,
T97,1767347702_1,
T97,1767348088_1,
T97,1767348856_1,
T97,1767349412_1,
T97,1767351623_1,
T97,1767351776_1,
T97,1767352377_1,
T97,1767352860_1,
T97,1767355045_1,
T98,1769283266_1,
T98,1769283354_1,
T98,1769456285_1,
T98,1769456414_1,
T98,1770085442_1,
T98,1770085847_1,
T98,1770087362_1,
T98,1770089402_1,
T98,1770091337_1,
T98,1770093347_1,
T98,1770100117_1,
T98,1770101697_1,
T98,1770102277_1,
T98,1770103057_1,
T98,1770104177_1,
T98,1770105417_1,
T100,1774540912_1,
T100,1774541655_1,
T100,1774649581_1,
T100,1774650436_1,
T100,1774821512_1,
T100,1774821641_1,
T100,1774943942_1,
T100,1774944059_1,
T100,1775057905_1,
T100,1775058022_1,
T100,1775144111_1,
T100,1775144228_1,
T100,1775519240_1,
T100,1775519333_1,
T100,1775564987_1,
T100,1775578656_1,
T100,1775579307_1,
T100,1775590128_1,
T100,1775591188_1,
T100,1775592268_1,
T100,1775593348_1,
T100,1775596568_1,
T100,1775597648_1,
T100,1775598728_1,
T100,1775599808_1,
T100,1775617275_1,
T100,1775617425_1,
T100,1775618013_1,
T100,1775621297_1,
T100,1775621385_1,
T100,1775621474_1,
T100,1775621563_1,
T100,1775621651_1,
T100,1775621740_1,
T100,1775621828_1,
T100,1775621917_1,
T100,1775629426_1,
T100,1775629538_1,
T100,1775629649_1,
T100,1775629761_1,
T100,1775629872_1,
T100,1775629984_1,
T100,1775630096_1,
T100,1775636274_1,
T100,1775636386_1,
T100,1775636498_1,
T100,1775636609_1,
T100,1775636721_1,
T100,1775636832_1,
T100,1775636944_1,
T100,1775637056_1,
T100,1775637167_1,
T101,1777319980_1,
T101,1777320097_1,
T101,1777492421_1,
T101,1777492538_1,
T101,1777837888_1,
T101,1777838024_1,
T101,1777937758_1,
T101,1777937894_1,
T101,1778966685_1,
T101,1778966766_1,
T101,1778966847_1,
T101,1778966927_1,
T101,1778967008_1,
T101,1778967089_1,
T101,1778967170_1,
T101,1778967251_1,
T101,1778967332_1,
T101,1778967413_1,
T101,1778967493_1,
T101,1778967574_1,
T101,1778967655_1,
T101,1778967736_1,
T101,1778967817_1,
T101,1778967898_1,
T101,1778967979_1,
T101,1778968059_1,
T101,1778989970_1,
T101,1779087561_1,
T102,1781743856_2,
T102,1781744726_1,
T102,1781747238_1,
T102,1781753559_1,
T102,1781756186_1,
T102,1781758518_1,
T102,1781772358_1,
T102,1781772795_1,
T103,1782983152_1,
T103,1782983235_1,
T103,1783069157_1,
T103,1783069929_1,
T103,1783070012_1,
T103,1784501408_1,
T103,1784501918_1,
T103,1784502376_1,
T103,1784503343_1,
T103,1784515288_1,
T103,1784517148_1,
T103,1784518808_1,
T103,1784519806_1,
T103,1784522228_1,
T103,1784523662_1,
T103,1784524848_1,
T103,1784525918_1,
T103,1784526637_1,
T103,1784527637_1,
T103,1784529744_1,
T103,1784531102_1,
T103,1784532467_1,
T103,1784533847_1,
T103,1784535354_1,
T103,1784537281_1,
T103,1784539868_1,
T103,1784541448_1,
T104,1787256345_1,
T104,1787257170_1,
T104,1787258070_1,
T104,1787267657_1,
T104,1787268246_1,
T104,1787278537_1,
T104,1787280017_1,
T104,1787280429_1,
T105,1788606891_1,
T105,1788607033_1,
T105,1789042899_1,
T105,1789043028_1,
T105,1789358908_1,
T105,1789531527_1,
T105,1789531676_1,
T105,1790050280_1,
T105,1790050948_1,
T105,1790051590_1,
T105,1790052268_1,
T105,1790052905_1,
T105,1790053570_1,
T105,1790054225_1,
T105,1790056808_1,
T106,1791363774_1,
T106,1791363918_1,
T106,1791944241_1,
T106,1791944370_1,
T106,1792117229_1,
T106,1792117358_1,
T106,1792413631_1,
T106,1792413767_1,
T106,1792764438_1,
T106,1792765256_1,
T106,1792768323_1,
T106,1792769134_1,
T106,1792774541_1,
T106,1792775403_1,
T106,1792782153_1,
T106,1792782633_1,
T106,1792785113_1,
T106,1792786450_1,
T106,1792788053_1,
T106,1792789773_1,
T106,1792790993_1,
T106,1792795376_1,
T106,1793063308_1,
T106,1793063413_1,
T107,1796900504_1,
T107,1796906024_1,
T107,1796911464_1,
T107,1796916004_1,
T107,1796916927_1,
T107,1796917812_1,
T108,1798344556_1,
T108,1798344692_1,
T108,1799640347_1,
T108,1799670067_1,
T108,1799679187_1,
T108,1799682855_1,
T108,1799684730_1,
T108,1799686672_1,
T108,1799687272_1,
T108,1799687862_1,
T108,1799689122_1,
T108,1799689722_1,
T109,1802093200_1,
T109,1802093336_1,
T109,1802224571_1,
T109,1802224707_1,
T109,1802423438_1,
T109,1802424458_1,
T109,1802425388_1,
T109,1802426326_1,
T109,1802427256_1,
T109,1802428193_1,
T109,1802433636_1,
T109,1802447813_1,
T109,1802448346_1,
T109,1802448901_1,
T109,1802449441_1,
T109,1802449988_1,
T109,1802450543_1,
T109,1802451638_1,
T109,1802452178_1,
T109,1802452730_1,
T109,1802452761_1,
T109,1802452791_1,
T109,1802452821_1,
T109,1802452852_1,
T109,1802452882_1,
T109,1802452912_1,
T109,1802452943_1,
T109,1802452973_1,
T109,1802453003_1,
T109,1802453034_1,
T109,1802453064_1,
T109,1802453094_1,
T109,1802453125_1,
T109,1802453155_1,
T109,1802453185_1,
T109,1802453216_1,
T109,1802453246_1,
T109,1802453276_1,
T109,1802453307_1,
T109,1802453337_1,
T109,1802453367_1,
T109,1802453398_1,
T109,1802453428_1,
T109,1802453458_1,
T109,1802453489_1,
T109,1802453519_1,
T109,1802453549_1,
T109,1802453580_1,
T109,1802453610_1,
T109,1802453640_1,
T109,1802453671_1,
T109,1802453701_1,
T109,1802453731_1,
T109,1802453762_1,
T109,1802453792_1,
T109,1802453822_1,
T109,1802453853_1,
T110,1804895713_1,
T110,1804895818_1,
T110,1805180411_1,
T110,1805181251_1,
T110,1805182106_1,
T110,1805182931_1,
T110,1805183771_1,
T110,1805184596_1,
T110,1805185444_1,
T110,1805186291_1,
T110,1805187964_1,
T110,1805189636_1,
T110,1805191311_1,
T110,1805194611_1,
T110,1805200431_1,
T110,1805203091_1,
T110,1805204119_1,
T110,1805205161_1,
T110,1805207246_1,
T110,1805209469_1,
T110,1805232971_1,
T110,1805240611_1,
T111,1809375904_1,
T111,1809461869_1,
T111,1809461986_1,
T111,1809548278_1,
T111,1809548435_1,
T111,1809549223_1,
T111,1809695072_1,
T111,1809699081_1,
T111,1809700875_1,
T111,1809706785_1,
T111,1809707466_1,
T111,1809707639_1,
T111,1809709298_1,
T111,1809709635_1,
T111,1809710276_1,
T111,1809710558_1,
T111,1809715279_1,
T111,1809717563_1,
T111,1809717999_1,
T111,1809719215_1,
T111,1809719895_1,
T111,1809722085_1,
T111,1809722805_1,
T111,1809723563_1,
T111,1809724283_1,
T111,1809726503_1,
T111,1809727163_1,
T111,1809727868_1,
T111,1809728528_1,
T111,1809729188_1,
T111,1809729900_3,
T111,1809730560_1,
T111,1809731213_1,
T111,1809731775_1,
T111,1809732338_1,
T111,1809733155_1,
T111,1809738450_1,
T111,1809739185_1,
T111,1809739695_1,
T111,1809739719_1,
T111,1809739743_1,
T111,1809739767_1,
T111,1809739791_1,
T111,1809739815_1,
T111,1809739903_1,
T111,1809739927_1,
T111,1809739951_1,
T111,1809739975_1,
T111,1809739999_1,
T111,1809740023_1,
T111,1809740047_1,
T111,1809740071_1,
T111,1809740095_1,
T111,1809740119_1,
T111,1809740143_1,
T111,1809740167_1,
T111,1809740191_1,
T111,1809740215_1,
T111,1809740239_1,
T111,1809740263_1,
T111,1809740287_1,
T111,1809740311_1,
T111,1809740335_1,
T111,1809740359_1,
T111,1809740383_1,
T111,1809740407_1,
T111,1809740431_1,
T111,1809740455_1,
T111,1809740479_1,
T111,1809740503_1,
T111,1809740527_1,
T111,1809740551_1,
T111,1809740632_1,
T111,1809740656_1,
T111,1809740680_1,
T111,1809740704_1,
T111,1809740728_1,
T111,1809740752_1,
T111,1809740776_1,
T111,1809740800_1,
T111,1809740824_1,
T111,1809740848_1,
T111,1809740872_1,
T111,1809740896_1,
T111,1809740920_1,
T111,1809740944_1,
T111,1809740968_1,
T111,1809740992_1,
T111,1809741016_1,
T111,1809741040_1,
T112,1814912092_1,
T112,1814915416_1,
T112,1814916132_1,
T112,1814923876_1,
T112,1814924686_1,
T112,1814925451_1,
T112,1814926239_1,
T112,1814927019_1,
T112,1814927784_1,
T112,1814928564_1,
T112,1814929344_1,
T112,1814930124_1,
T112,1814930911_1,
T112,1814931699_1,
T112,1814932524_1,
T112,1814933657_1,
T112,1814934417_1,
T112,1814935217_1,
T112,1814936017_1,
T112,1814936736_1,
T112,1814937536_1,
T112,1814938316_1,
T112,1814939156_1,
T112,1814939996_1,
T112,1814940836_1,
T112,1814941676_1,
T112,1814942516_1,
T112,1814967151_1,
T112,1814967214_1,
T112,1814967277_1,
T112,1814967340_1,
T112,1814967403_1,
T112,1814967466_1,
T112,1814967567_1,
T112,1814972436_1,
T112,1814975257_1,
T112,1814975722_1,
T112,1814975953_1,
T112,1814976639_1,
T112,1814976845_1,
T112,1814977209_1,
T112,1814984011_1,
T112,1814984251_1,
T112,1814985184_1,
T112,1814985502_1,
T112,1814989188_1,
T112,1814989572_1,
T112,1814989763_1,
T112,1815233750_1,
T112,1815233879_1,
T113,1821758768_1,
T113,1821952735_1,
T113,1821952864_1,
T113,1822137369_1,
T113,1822137826_1,
T113,1822138044_1,
T113,1822141051_1,
T113,1822141478_1,
T113,1822141981_1,
T113,1822142408_1,
T113,1822143841_1,
T113,1822145701_1,
T113,1822146631_1,
T113,1822147561_1,
T113,1822151281_1,
T113,1822163325_1,
T113,1822165321_1,
T113,1822165831_1,
T113,1822166438_1,
T113,1822167008_1,
T113,1822177261_1,
T113,1822179143_1,
T113,1822190363_1,
T113,1822190797_1,
T113,1822193163_1,
T113,1822195343_1,
T113,1822195863_1,
T113,1822198563_1,
T113,1822200583_1,
T114,1826066610_1,
T114,1826069305_1,
T114,1826070735_1,
T114,1826072370_1,
T114,1826080590_1,
T114,1826081362_1,
T114,1826082135_1,
T114,1826082915_1,
T114,1826083114_1,
T114,1826083695_1,
T114,1826083894_1,
T114,1826084475_1,
T114,1826085255_1,
T114,1826086162_1,
T114,1826086942_1,
T114,1826087707_1,
T114,1826088540_1,
T114,1826095300_1,
T114,1826435101_1,
T114,1826435231_1,
T115,1831557680_1,
T115,1831557867_1,
T115,1831573573_1,
T115,1831574712_1,
T115,1831575787_1,
T115,1831576863_1,
T115,1831577943_1,
T115,1831579018_1,
T115,1831614155_1,
T115,1831614388_1,
T115,1831614635_1,
T115,1831614875_1,
T115,1831625016_1,
T115,1831625945_1,
T115,1831626860_1,
T115,1831628751_1,
T115,1831630573_1,
T115,1831640915_1,
T115,1831641710_1,
T115,1831866103_1,
T115,1831866232_1,
T116,1832531252_1,
T116,1832531368_1,
T116,1832727948_1,
T116,1832728077_1,
T116,1832936554_1,
T116,1832936791_1,
T116,1832956625_1,
T116,1832957062_1,
T116,1832958965_1,
T116,1832961685_1,
T116,1832962123_1,
T116,1832962520_1,
T116,1832974302_1,
T116,1832975125_1,
T116,1832976905_1,
T116,1833004840_1,
T116,1833004845_1,
T116,1833004850_1,
T116,1833004854_1,
T116,1833004859_1,
T116,1833004864_1,
T116,1833004869_1,
T116,1833004873_1,
T116,1833004878_1,
T116,1833004883_1,
T116,1833004887_1,
T116,1833004892_1,
T116,1833004897_1,
T116,1833004901_1,
T116,1833004906_1,
T116,1833004911_1,
T116,1833004916_1,
T116,1833004920_1,
T116,1833004925_1,
T116,1833004930_1,
T116,1833004934_1,
T116,1833004939_1,
T116,1833004944_1,
T116,1833004948_1,
T116,1833004953_1,
T116,1833004958_1,
T116,1833004963_1,
T116,1833004967_1,
T116,1833004972_1,
T116,1833004977_1,
T116,1833004986_1,
T116,1833004991_1,
T116,1833004995_1,
T116,1833005000_1,
T116,1833005005_1,
T116,1833005010_1,
T116,1833005014_1,
T116,1833005019_1,
T116,1833005024_1,
T116,1833005028_1,
T116,1833005033_1,
T116,1833005038_1,
T116,1833005042_1,
T116,1833005047_1,
T116,1833005052_1,
T116,1833005057_1,
T116,1833005061_1,
T116,1833005066_1,
T116,1833005071_1,
T116,1833005075_1,
T116,1833005080_1,
T116,1833005085_1,
T116,1833005089_1,
T116,1833005094_1,
T116,1833005099_1,
T116,1833005104_1,
T116,1833005108_1,
T116,1833005113_1,
T116,1833005118_1,
T117,1833998112_1,
T117,1834331830_1,
T117,1834332245_1,
T117,1834334550_1,
T117,1834337210_1,
T117,1834337604_1,
T117,1834339890_1,
T117,1834346396_1,
T117,1834347289_1,
T117,1834348189_1,
T117,1834352276_1,
T118,1837445397_1,
T118,1837445502_1,
T118,1838462876_1,
T118,1838463713_1,
T118,1838465386_1,
T118,1838466218_1,
T118,1838467058_1,
T118,1838471235_1,
T118,1838486041_1,
T118,1838486926_1,
T118,1838487859_1,
T118,1838760238_1,
T118,1838760367_1,
T119,1841201065_1,
T119,1841202118_1,
T119,1841202650_1,
T119,1841203333_1,
T119,1841204045_1,
T119,1841204765_1,
T119,1841208339_1,
T119,1841208960_1,
T119,1841211971_1,
T119,1841216916_1,
T119,1841217322_1,
T119,1841218250_1,
T119,1841218781_1,
T119,1841219182_1,
T119,1841220101_1,
T119,1841220622_1,
T119,1841221019_1,
T119,1841222464_1,
T120,1843965587_1,
T120,1843972068_1,
T120,1843978391_1,
T120,1843981511_1,
T120,1843982864_1,
T120,1844250527_1,
T120,1844250632_1,
