T42,1585133055_1,Null,0,0,-5.682726,79.902855,80.798416,41.861961,45.01398698332696,24.45801,392.15686274509807,110.279549,0.094118,0.085882,0.087039,0.066619,0.053737,0.022872,0.023653,0.013385,
T42,1585133055_1,Null,0,1,-6.153535,78.698036,81.933517,40.603367,45.36687199186243,23.788435,392.15686274509807,110.253914,0.086567,0.078782,0.081737,0.061528,0.050219,0.022142,0.022526,0.011473,
T42,1585133055_1,Null,0,2,-6.621181,77.513359,83.047623,39.365284,45.7477683589057,24.26026,392.15686274509807,110.228432,0.078746,0.072484,0.075625,0.057019,0.046507,0.020682,0.021175,0.011473,
T42,1585133055_1,Null,0,3,-7.006447,76.313316,84.185074,38.171093,46.274229672063434,23.818424,392.15686274509807,110.201653,0.071734,0.066186,0.069292,0.052946,0.044162,0.019465,0.020048,0.007648,
T42,1585133055_1,Null,0,4,-7.435155,75.084091,85.344063,36.929821,46.82374062733964,24.104372,392.15686274509807,110.174225,0.065532,0.060003,0.062812,0.048292,0.040058,0.018492,0.018246,0.005736,
T42,1585133055_1,Null,0,5,-7.758561,73.938156,86.432045,35.826767,47.47081450281894,23.950693,392.15686274509807,110.147804,0.05879,0.05422,0.056627,0.044073,0.036541,0.017032,0.017345,0.009561,
T42,1585133055_1,Null,0,6,-8.091515,72.825546,87.484192,34.747959,48.12531923675662,23.850243,392.15686274509807,110.122078,0.053127,0.04901,0.051104,0.040001,0.033805,0.015572,0.016444,0.005736,
T42,1585133055_1,Null,0,7,-8.532767,71.722488,88.510918,33.608162,48.691350630954425,23.344332,392.15686274509807,110.097237,0.047733,0.044315,0.046465,0.036801,0.031265,0.014842,0.015318,0.007648,
T42,1585133055_1,Plains,0,8,-8.842552,70.614586,89.55703,32.558067,49.47066107356566,23.859026,44.31372549019608,110.071098,0.043149,0.039448,0.04131,0.032873,0.028334,0.013626,0.014192,0.007648,
T42,1585133055_1,Null,0,9,-9.179806,69.460327,90.642525,31.460566,50.32653011080175,23.464569,392.15686274509807,110.043831,0.038294,0.035269,0.036966,0.029673,0.025403,0.012652,0.014642,0.007648,
T42,1585133055_1,Plains,0,10,-9.475801,68.336853,91.700996,30.421722,51.264996148367615,23.757795,44.31372549019608,110.016876,0.034789,0.031375,0.032989,0.026037,0.022667,0.011436,0.011714,0.005736,
T42,1585133055_1,Plains,0,11,-9.761258,67.220581,92.751442,29.40362,52.278379953421464,23.391085,43.92156862745098,109.989899,0.030474,0.027768,0.029602,0.023419,0.020713,0.010463,0.011038,0.003824,
T42,1585133055_1,Null,0,12,-10.072809,66.12886,93.771622,28.393042,53.3013187975564,23.43499,392.15686274509807,109.963638,0.026968,0.024734,0.026141,0.021091,0.018173,0.009489,0.009912,0.003824,
T42,1585133055_1,Null,0,13,-10.364454,65.115959,94.715294,27.461161,54.31648039195172,23.199492,392.15686274509807,109.939171,0.024271,0.021986,0.023196,0.018473,0.016414,0.008273,0.008785,0.001912,
T42,1585133055_1,Null,0,14,-10.678614,64.006615,95.746567,26.453823,55.518142472478125,23.575556,392.15686274509807,109.912292,0.021844,0.019295,0.020545,0.016,0.014265,0.007299,0.007659,0.003824,
T42,1585133055_1,Null,0,15,-10.873844,62.95224,96.740128,25.584846,56.88624938722604,23.186611,392.15686274509807,109.885834,0.018877,0.016776,0.017746,0.013818,0.01192,0.006083,0.006758,0.001912,
T42,1585133055_1,Null,0,16,-11.169974,61.804905,97.805122,24.590071,58.371531974485,23.12812,392.15686274509807,109.857681,0.01672,0.0146,0.015537,0.012073,0.010552,0.00584,0.006082,0.001912,
T42,1585133055_1,Null,0,17,-11.356594,60.750092,98.79554,23.756535,59.96044207266971,23.477987,392.15686274509807,109.831009,0.014563,0.012882,0.013623,0.010473,0.00938,0.004866,0.005406,0.001912,
T42,1585133055_1,Null,0,18,-11.640097,59.722244,99.740967,22.878914,61.48089876622942,22.87042,392.15686274509807,109.805801,0.012945,0.010993,0.011856,0.009164,0.008012,0.004136,0.004731,0.003824,
T42,1585133055_1,Null,0,19,-11.848913,58.693031,100,22.076382,63.2213071151766,23.408237,392.15686274509807,109.779915,0.011057,0.00939,0.010015,0.008146,0.00723,0.00365,0.004055,0.001912,
T42,1585133055_1,Null,0,20,-11.992194,57.663326,100,21.347319,65.17608086507677,23.387598,392.15686274509807,109.753448,0.009708,0.00813,0.008763,0.006691,0.006058,0.003163,0.003154,0.0,
T42,1585133055_1,Null,1,0,-5.139577,79.86869,80.896889,42.179756,45.61445106033817,24.584686,392.15686274509807,110.274437,0.092178,0.085137,0.087996,0.066038,0.05276,0.023115,0.023202,0.011473,
T42,1585133055_1,Null,1,1,-5.62534,78.663475,82.030807,40.914009,45.961519523368075,23.90353,392.15686274509807,110.248924,0.083798,0.078553,0.081516,0.061528,0.049829,0.022142,0.022076,0.011473,
T42,1585133055_1,Null,1,2,-6.082627,77.476311,83.149025,39.683449,46.365980018022405,24.375402,392.15686274509807,110.22332,0.075959,0.072312,0.07592,0.057601,0.04807,0.020682,0.021175,0.009561,
T42,1585133055_1,Null,1,3,-6.478285,76.26915,84.292923,38.480598,46.89667591034516,23.923737,392.15686274509807,110.196449,0.069741,0.066243,0.070102,0.053383,0.044944,0.019952,0.020274,0.011473,
T42,1585133055_1,Null,1,4,-6.900157,75.045822,85.447792,37.25211,47.46049078053446,24.210531,392.15686274509807,110.169113,0.062984,0.059888,0.062591,0.048583,0.039668,0.018005,0.018697,0.005736,
T42,1585133055_1,Null,1,5,-7.226873,73.901581,86.534698,36.152424,48.11201317794369,24.053082,392.15686274509807,110.142746,0.056496,0.053876,0.056553,0.043637,0.036346,0.017032,0.017571,0.005736,
T42,1585133055_1,Null,1,6,-7.562065,72.788971,87.587662,35.076298,48.77428297070209,23.516228,392.15686274509807,110.117027,0.05163,0.048666,0.051178,0.040001,0.033805,0.015572,0.016444,0.007648,
T42,1585133055_1,Plains,1,7,-8.014641,71.685303,88.6147,33.93174,49.34150591593901,23.435522,44.31372549019608,110.092262,0.045954,0.043971,0.046244,0.036655,0.03107,0.014842,0.015318,0.005736,
T42,1585133055_1,Plains,1,8,-8.313019,70.576309,89.664742,32.893456,50.14621603661169,23.951923,44.31372549019608,110.065987,0.041088,0.038933,0.040942,0.032582,0.027748,0.013382,0.014417,0.005736,
T42,1585133055_1,Null,1,9,-8.659504,69.41642,90.756081,31.790539,51.00970400713582,23.550667,392.15686274509807,110.038628,0.036763,0.034753,0.03645,0.028946,0.025012,0.012166,0.013065,0.003824,
T42,1585133055_1,Plains,1,10,-8.948445,68.29969,91.810562,30.767275,51.96025846952906,23.845465,44.31372549019608,110.011772,0.032979,0.031032,0.032695,0.026037,0.022667,0.011436,0.011714,0.005736,
T42,1585133055_1,Plains,1,11,-9.242451,67.178413,92.86644,29.745455,52.980462564165,23.473003,62.745098039215684,109.984703,0.028924,0.027711,0.029013,0.023128,0.020518,0.010219,0.010813,0.003824,
T42,1585133055_1,Null,1,12,-9.55213,66.100136,93.875603,28.751675,54.00007766789862,23.517607,392.15686274509807,109.958748,0.026491,0.024562,0.025994,0.0208,0.018173,0.010949,0.009912,0.003824,
T42,1585133055_1,Null,1,13,-9.849693,65.076706,94.830475,27.813757,55.033229233404384,23.276808,392.15686274509807,109.934029,0.022436,0.02147,0.022754,0.018182,0.015828,0.008273,0.008785,0.001912,
T42,1585133055_1,Null,1,14,-10.155098,63.972721,95.859962,26.823397,56.25012917280033,23.654461,392.15686274509807,109.907196,0.020274,0.019123,0.020029,0.015855,0.013288,0.007056,0.007884,0.003824,
T42,1585133055_1,Null,1,15,-10.359429,62.912144,96.860176,25.951071,57.62225379167479,23.240705,392.15686274509807,109.8806,0.0173,0.016547,0.017526,0.013818,0.011529,0.00657,0.006983,0.001912,
T42,1585133055_1,Null,1,16,-10.656799,61.765648,97.926529,24.963991,59.11418781512402,23.382383,392.15686274509807,109.852448,0.015678,0.014142,0.015316,0.012218,0.010161,0.005596,0.006307,0.001912,
T42,1585133055_1,Null,1,17,-10.835014,60.720184,98.911469,24.151758,60.70016918751568,23.552395,392.15686274509807,109.825912,0.013245,0.012596,0.013402,0.010327,0.008989,0.00511,0.005406,0.001912,
T42,1585133055_1,Null,1,18,-11.131934,59.694561,99.854866,23.272484,62.204680553081225,22.939575,392.15686274509807,109.800835,0.011624,0.010821,0.011487,0.009309,0.008012,0.004136,0.004505,0.001912,
T42,1585133055_1,Null,1,19,-11.328744,58.665791,100,22.488892,63.958315376720094,23.479647,392.15686274509807,109.774818,0.010542,0.009275,0.009867,0.007709,0.006644,0.00365,0.004055,0.003824,
T42,1585133055_1,Null,1,20,-11.472403,57.637749,100,21.770302,65.90005434045574,23.45813,392.15686274509807,109.748352,0.00892,0.008073,0.008542,0.006691,0.005667,0.00292,0.003604,0.001912,
T42,1585133055_1,Null,2,0,-4.593387,79.838272,80.992889,42.506424,46.20572340436685,24.71707,392.15686274509807,110.269318,0.092832,0.085252,0.087996,0.066038,0.05276,0.023115,0.023427,0.009561,
T42,1585133055_1,Null,2,1,-5.094372,78.632294,82.125824,41.233002,46.54681275605111,24.023624,392.15686274509807,110.243935,0.084983,0.078324,0.081074,0.061528,0.049242,0.022142,0.022526,0.011473,
T42,1585133055_1,Null,2,2,-5.54129,77.442619,83.248116,40.010269,46.97374582610267,24.495613,392.15686274509807,110.218201,0.076864,0.071912,0.074741,0.056728,0.046311,0.021168,0.0214,0.007648,
T42,1585133055_1,Null,2,3,-5.947528,76.228088,84.398582,38.798496,47.50829714604053,24.033613,392.15686274509807,110.191246,0.069827,0.066358,0.069881,0.053383,0.044944,0.019952,0.020499,0.011473,
T42,1585133055_1,Null,2,4,-6.362591,75.010574,85.549316,37.582882,48.085232006727445,24.32127,392.15686274509807,110.164001,0.06279,0.059545,0.062223,0.048292,0.040058,0.018249,0.018697,0.001912,
T42,1585133055_1,Null,2,5,-6.692719,73.867859,86.635223,36.486412,48.74050824223708,24.159824,392.15686274509807,110.137695,0.057648,0.053762,0.056479,0.044073,0.036932,0.017275,0.017796,0.011473,
T42,1585133055_1,Null,2,6,-7.039905,72.754837,87.68808,35.406052,49.39916925098473,23.615154,392.15686274509807,110.112053,0.051152,0.048666,0.051251,0.040146,0.034196,0.015815,0.016444,0.009561,
T42,1585133055_1,Null,2,7,-7.494315,71.650604,88.71653,34.263218,49.977761976883244,23.885675,392.15686274509807,110.087288,0.04601,0.043513,0.045876,0.036073,0.030679,0.014842,0.015318,0.009561,
T42,1585133055_1,Plains,2,8,-7.781248,70.540512,89.770447,33.237072,50.806182052199176,24.048723,44.31372549019608,110.060883,0.041409,0.038761,0.040427,0.032291,0.027357,0.013869,0.013966,0.007648,
T42,1585133055_1,Null,2,9,-8.137101,69.374802,90.867729,32.128544,51.676649488553615,23.640348,392.15686274509807,110.033432,0.036267,0.03441,0.035419,0.02851,0.02423,0.012896,0.013065,0.005736,
T42,1585133055_1,Plains,2,10,-8.418988,68.264748,91.91819,31.12092,52.63760392972112,23.936781,44.31372549019608,110.006668,0.032748,0.030746,0.032253,0.025891,0.022472,0.011436,0.011714,0.003824,
T42,1585133055_1,Plains,2,11,-8.721661,67.138313,92.979591,30.095188,53.663870852955625,23.5583,62.745098039215684,109.979507,0.0295,0.027139,0.028645,0.022982,0.020127,0.010463,0.010813,0.001912,
T42,1585133055_1,Plains,2,12,-9.02951,66.073341,93.977753,29.117979,54.6786667277788,23.603571,44.31372549019608,109.953865,0.025982,0.024161,0.025331,0.020364,0.018173,0.009246,0.009686,0.003824,
T42,1585133055_1,Null,2,13,-9.333079,65.039299,94.943886,28.174021,55.72876284870735,23.357277,392.15686274509807,109.928894,0.023005,0.021184,0.022386,0.018037,0.015828,0.008029,0.008785,0.003824,
T42,1585133055_1,Null,2,14,-9.629717,63.940601,95.97155,27.200724,56.958541901147164,23.736614,392.15686274509807,109.902092,0.020028,0.01855,0.019661,0.015709,0.013678,0.006813,0.007434,0.001912,
T42,1585133055_1,Null,2,15,-9.843721,62.873276,96.978821,26.324186,58.33381795700127,23.317478,392.15686274509807,109.875366,0.017592,0.01626,0.017452,0.013818,0.012311,0.006326,0.006983,0.005736,
T42,1585133055_1,Null,2,16,-10.13759,61.73175,98.043205,25.351173,59.8294540365119,23.657078,392.15686274509807,109.847275,0.015156,0.014256,0.015169,0.012218,0.010747,0.005353,0.006307,0.003824,
T42,1585133055_1,Null,2,17,-10.311699,60.691746,99.02565,24.554245,61.41110300128032,23.619486,392.15686274509807,109.820816,0.013532,0.01231,0.013107,0.010473,0.008989,0.004623,0.005406,0.001912,
T42,1585133055_1,Null,2,18,-10.622167,59.668179,99.967117,23.672794,62.89920888752543,23.011494,392.15686274509807,109.795868,0.011638,0.010764,0.01134,0.009018,0.007621,0.00438,0.004505,0.003824,
T42,1585133055_1,Null,2,19,-10.806923,58.639828,100,22.908247,64.66282923562262,23.553976,392.15686274509807,109.769722,0.009743,0.009161,0.009941,0.007855,0.006839,0.003406,0.004055,0.001912,
T42,1585133055_1,Null,2,20,-10.950988,57.613358,100,22.199833,66.58991719275114,23.531544,392.15686274509807,109.743256,0.008931,0.007958,0.008468,0.006691,0.005862,0.00292,0.003379,0.001912,
T42,1585133055_1,Null,3,0,-4.044053,79.81163,81.086388,42.84198,46.78778237987285,24.855391,392.15686274509807,110.264206,0.09175,0.085424,0.08888,0.066619,0.053346,0.023602,0.023653,0.011473,
T42,1585133055_1,Null,3,1,-4.560542,78.60453,82.218521,41.560345,47.1227064872022,24.148907,392.15686274509807,110.238953,0.083631,0.078209,0.080927,0.061528,0.049047,0.022142,0.022301,0.011473,
T42,1585133055_1,Null,3,2,-4.997077,77.412315,83.344849,40.345737,47.57101693874049,24.621082,392.15686274509807,110.213089,0.075782,0.071224,0.073931,0.056437,0.045334,0.020682,0.02095,0.007648,
T42,1585133055_1,Null,3,3,-5.414093,76.190163,84.502022,39.12476,48.109103433620504,24.148218,392.15686274509807,110.186035,0.068204,0.065385,0.068703,0.052946,0.043576,0.019709,0.019823,0.007648,
T42,1585133055_1,Null,3,4,-5.82237,74.978371,85.648636,37.9221,48.69803788009666,24.43675,392.15686274509807,110.15889,0.062249,0.059373,0.062076,0.048292,0.040254,0.018735,0.018922,0.003824,
T42,1585133055_1,Plains,3,5,-6.156016,73.837013,86.733589,36.828674,49.3563343013357,24.271067,44.31372549019608,110.132645,0.055754,0.053991,0.056848,0.044364,0.037518,0.017275,0.018021,0.007648,
T42,1585133055_1,Null,3,6,-6.515379,72.723328,87.786476,35.74369,50.011100502101826,23.718142,392.15686274509807,110.107079,0.050611,0.048323,0.050736,0.039564,0.03361,0.015815,0.016444,0.009561,
T42,1585133055_1,Null,3,7,-6.96385,71.617554,88.818237,34.607407,50.60981655936263,24.203632,392.15686274509807,110.08223,0.045198,0.043113,0.045066,0.035492,0.029897,0.014599,0.015093,0.005736,
T42,1585133055_1,Plains,3,8,-7.247163,70.507195,89.87413,33.588837,51.450725378842385,24.093647,44.31372549019608,110.055771,0.040327,0.038074,0.03969,0.031564,0.026966,0.013382,0.013741,0.007648,
T42,1585133055_1,Null,3,9,-7.612526,69.335495,90.97744,32.474487,52.32750525949078,23.733719,392.15686274509807,110.028229,0.035726,0.034009,0.035714,0.028655,0.024621,0.012166,0.013065,0.005736,
T42,1585133055_1,Plains,3,10,-7.887359,68.232033,92.023865,31.482548,53.29725651068955,24.031855,44.31372549019608,110.001556,0.031937,0.03023,0.031664,0.02531,0.022081,0.011192,0.011714,0.005736,
T42,1585133055_1,Plains,3,11,-8.198819,67.100281,93.090881,30.452707,54.32883915152593,23.64707,88.62745098039215,109.974312,0.028148,0.026852,0.028203,0.022691,0.019345,0.010463,0.010587,0.007648,
T42,1585133055_1,Plains,3,12,-8.504886,66.048485,94.078049,29.491825,55.33743257120818,23.69298,44.31372549019608,109.948975,0.02517,0.023818,0.02511,0.020219,0.017587,0.009246,0.009686,0.001912,
T42,1585133055_1,Null,3,13,-8.814548,65.003731,95.055496,28.541817,56.403434306369064,23.440985,392.15686274509807,109.923752,0.021923,0.020955,0.02187,0.0176,0.015437,0.008273,0.00856,0.001912,
T42,1585133055_1,Null,3,14,-9.102406,63.910263,96.081314,27.585649,57.643838479866254,23.822104,392.15686274509807,109.896988,0.019487,0.018321,0.01944,0.015855,0.013874,0.007056,0.007434,0.003824,
T42,1585133055_1,Null,3,15,-9.326187,62.836056,97.095718,26.704666,59.0214480260753,23.397339,392.15686274509807,109.870132,0.01678,0.016031,0.01701,0.013528,0.011724,0.006326,0.006983,0.001912,
T42,1585133055_1,Null,3,16,-9.611936,61.703503,98.154884,25.751907,60.51738327513913,23.738899,392.15686274509807,109.842178,0.014886,0.01397,0.014948,0.011782,0.010552,0.005596,0.006082,0.001912,
T42,1585133055_1,Null,3,17,-9.786816,60.664791,99.138008,24.963633,62.093815651889706,23.136515,392.15686274509807,109.815712,0.013262,0.012081,0.013034,0.010182,0.009184,0.004623,0.005181,0.0,
T42,1585133055_1,Null,3,18,-10.110736,59.643105,100,24.079666,63.56543084872563,23.086241,392.15686274509807,109.790901,0.010826,0.010535,0.011266,0.009164,0.007621,0.00438,0.004505,0.0,
T42,1585133055_1,Null,3,19,-10.283389,58.615143,100,23.334244,65.33600445253933,23.631304,392.15686274509807,109.764626,0.009473,0.009046,0.00972,0.007709,0.006448,0.00365,0.003829,0.003824,
T42,1585133055_1,Null,3,20,-10.427887,57.590145,100,22.635702,67.24705619861373,23.607908,392.15686274509807,109.738159,0.008119,0.007787,0.008395,0.006982,0.005667,0.00292,0.003379,0.001912,
T42,1585133055_1,Null,4,0,-3.491467,79.788818,81.177338,43.18644,47.360635152777355,24.999899,392.15686274509807,110.259087,0.090149,0.085767,0.089542,0.067492,0.054714,0.023358,0.023878,0.011473,
T42,1585133055_1,Null,4,1,-4.023756,78.580208,82.308876,41.896038,47.68926276047268,24.279581,392.15686274509807,110.233955,0.081757,0.078267,0.081074,0.061674,0.049829,0.022385,0.022526,0.007648,
T42,1585133055_1,Null,4,2,-4.449892,77.385437,83.439201,40.689842,48.157845514984956,24.752014,392.15686274509807,110.20797,0.075531,0.071282,0.074373,0.056874,0.046702,0.021168,0.0214,0.009561,
T42,1585133055_1,Null,4,3,-4.877891,76.155388,84.603218,39.459366,48.6990740755737,24.267721,392.15686274509807,110.180832,0.067409,0.064984,0.068261,0.05251,0.043185,0.019465,0.020048,0.009561,
T42,1585133055_1,Null,4,4,-5.279405,74.949234,85.745697,38.269737,49.29892376094243,24.557144,392.15686274509807,110.15377,0.061183,0.058686,0.061708,0.047564,0.039277,0.018492,0.018922,0.007648,
T42,1585133055_1,Plains,4,5,-5.61668,73.809059,86.829781,37.17918,49.95960558741729,24.386971,44.31372549019608,110.127586,0.054956,0.053876,0.056774,0.044364,0.037127,0.017275,0.017345,0.009561,
T42,1585133055_1,Plains,4,6,-5.98841,72.694466,87.882828,36.089176,50.610185695011005,23.825325,44.705882352941174,110.102097,0.048729,0.047979,0.050588,0.039855,0.033415,0.016059,0.016219,0.007648,
T42,1585133055_1,Plains,4,7,-6.426176,71.586601,88.918999,34.962643,51.233459112045416,24.311552,44.705882352941174,110.077118,0.043857,0.04317,0.044992,0.035637,0.030288,0.014842,0.015093,0.007648,
T42,1585133055_1,Plains,4,8,-6.711989,70.475395,89.976547,33.947021,52.07954147259132,23.898794,44.705882352941174,110.050644,0.038713,0.037845,0.039617,0.031564,0.026575,0.013626,0.013966,0.009561,
T42,1585133055_1,Plains,4,9,-7.085707,69.298492,91.085205,32.828285,52.96242714954968,23.830893,44.705882352941174,110.023026,0.034381,0.033608,0.035125,0.028364,0.024426,0.012409,0.01284,0.005736,
T42,1585133055_1,Plains,4,10,-7.353484,68.201553,92.127571,31.852062,53.939407730266154,24.130798,63.13725490196079,109.996452,0.031403,0.030001,0.03159,0.02531,0.022081,0.010949,0.011488,0.003824,
T42,1585133055_1,Plains,4,11,-7.673858,67.064323,93.200287,30.8179,54.975599918862216,23.739414,88.62745098039215,109.969116,0.027343,0.026566,0.027614,0.0224,0.019541,0.010219,0.010587,0.005736,
T42,1585133055_1,Plains,4,12,-7.978184,66.025581,94.176468,29.8731,55.976698905660065,23.785934,44.31372549019608,109.944084,0.023823,0.023245,0.024153,0.019782,0.017196,0.009246,0.009686,0.005736,
T42,1585133055_1,Null,4,13,-8.294033,64.970001,95.165291,28.917013,57.0575953038862,23.528023,392.15686274509807,109.91861,0.021116,0.020497,0.021649,0.017455,0.015242,0.008029,0.008335,0.005736,
T42,1585133055_1,Null,4,14,-8.573095,63.881706,96.189217,27.978025,58.30646553955978,23.911024,392.15686274509807,109.891884,0.018409,0.018035,0.018998,0.015418,0.013678,0.007056,0.007659,0.001912,
T42,1585133055_1,Null,4,15,-8.806763,62.80048,97.210861,27.092358,59.68571658945059,23.480373,392.15686274509807,109.864891,0.015972,0.015917,0.016716,0.013528,0.012115,0.00657,0.006758,0.003824,
T42,1585133055_1,Null,4,16,-9.084381,61.676823,98.264763,26.159758,61.179649040488165,23.823986,392.15686274509807,109.837074,0.014077,0.013741,0.014727,0.011782,0.010357,0.005596,0.005857,0.003824,
T42,1585133055_1,Null,4,17,-9.272578,60.640224,99.245659,25.370173,62.73362175359193,23.216238,392.15686274509807,109.810745,0.012182,0.011966,0.012886,0.010182,0.008989,0.004866,0.005181,0.0,
T42,1585133055_1,Null,4,18,-9.597582,59.619331,100,24.492926,64.20430949014755,23.481861,392.15686274509807,109.785927,0.010558,0.01042,0.011193,0.009018,0.008012,0.004136,0.004731,0.0,
T42,1585133055_1,Null,4,19,-9.758078,58.591728,100,23.766695,65.97906782807715,23.711702,392.15686274509807,109.759521,0.009475,0.008989,0.00972,0.007855,0.006644,0.003406,0.003829,0.001912,
T42,1585133055_1,Null,4,20,-9.903039,57.568111,100,23.077724,67.87281164380893,23.687302,392.15686274509807,109.733063,0.008392,0.007729,0.008026,0.006546,0.005667,0.00292,0.003379,0.001912,
T42,1585133055_1,Null,5,0,-2.935519,79.769882,81.265694,43.539833,47.92427740175002,25.150862,392.15686274509807,110.253967,0.089892,0.085653,0.089101,0.067201,0.053541,0.023845,0.023878,0.011473,
T42,1585133055_1,Null,5,1,-3.483914,78.55938,82.396851,42.240101,48.24645305343399,24.415865,392.15686274509807,110.228966,0.08204,0.078209,0.08159,0.061819,0.049829,0.022385,0.022977,0.007648,
T42,1585133055_1,Null,5,2,-3.899633,77.362022,83.531143,41.042583,48.73425183761284,24.888628,392.15686274509807,110.20285,0.073917,0.071282,0.074447,0.05731,0.046507,0.020925,0.021175,0.011473,
T42,1585133055_1,Null,5,3,-4.338832,76.123802,84.702141,39.802307,49.27827368503371,24.392305,392.15686274509807,110.175621,0.068231,0.064926,0.067746,0.052365,0.042989,0.019465,0.020048,0.009561,
T42,1585133055_1,Null,5,4,-4.733603,74.923195,85.840485,38.625767,49.88793114346221,24.682636,392.15686274509807,110.148659,0.061192,0.058858,0.061634,0.047855,0.039863,0.018979,0.018922,0.009561,
T42,1585133055_1,Null,5,5,-5.074622,73.784019,86.923759,37.537891,50.550346300447366,24.507704,392.15686274509807,110.122528,0.054964,0.053189,0.055964,0.043783,0.036736,0.017275,0.017796,0.007648,
T42,1585133055_1,Plains,5,6,-5.458918,72.668251,87.977112,36.442455,51.19646672972498,23.936852,44.705882352941174,110.097122,0.048737,0.047979,0.050515,0.039419,0.03361,0.016302,0.01667,0.009561,
T42,1585133055_1,Plains,5,7,-5.885955,71.558296,89.017632,35.325981,51.84280068744458,24.423922,44.705882352941174,110.072006,0.043592,0.042769,0.044845,0.035637,0.030679,0.014599,0.015318,0.007648,
T42,1585133055_1,Plains,5,8,-6.18133,70.440842,90.081154,34.304356,52.69139742243484,24.003332,89.80392156862744,110.045441,0.03926,0.037902,0.039543,0.032001,0.027552,0.013382,0.013741,0.007648,
T42,1585133055_1,Plains,5,9,-6.556569,69.263802,91.190994,33.189854,53.581538933517926,24.176729,44.705882352941174,110.01783,0.034657,0.033379,0.03483,0.027782,0.02423,0.012166,0.01284,0.003824,
T42,1585133055_1,Plains,5,10,-6.817283,68.173332,92.229271,32.22937,54.5642912960463,24.233736,63.13725490196079,109.991341,0.030325,0.029601,0.030927,0.024873,0.02169,0.011192,0.011939,0.003824,
T42,1585133055_1,Plains,5,11,-7.146705,67.030449,93.307777,31.190666,55.60438056418935,23.835443,63.13725490196079,109.963921,0.027888,0.025936,0.027025,0.022109,0.018759,0.009976,0.010362,0.007648,
T42,1585133055_1,Plains,5,12,-7.449334,66.004623,94.273003,30.261694,56.5968386123125,23.882544,44.31372549019608,109.939194,0.024368,0.02273,0.02349,0.0192,0.016219,0.009246,0.009686,0.003824,
T42,1585133055_1,Null,5,13,-7.771467,64.938126,95.273254,29.299494,57.69163307182477,23.618486,392.15686274509807,109.913467,0.021119,0.020268,0.02106,0.017164,0.014655,0.008029,0.00856,0.003824,
T42,1585133055_1,Null,5,14,-8.041714,63.854939,96.29525,28.377718,58.94694555304848,24.003477,392.15686274509807,109.88678,0.018953,0.017749,0.01863,0.015128,0.012897,0.007056,0.007659,0.003824,
T42,1585133055_1,Null,5,15,-8.285383,62.766548,97.324219,27.48712,60.32709890553599,23.566669,392.15686274509807,109.859657,0.016787,0.015745,0.016642,0.013382,0.011529,0.006083,0.006983,0.003824,
T42,1585133055_1,Null,5,16,-8.554858,61.651711,98.372818,26.574568,61.816930997789704,23.912432,392.15686274509807,109.83197,0.01435,0.013684,0.01458,0.011637,0.010357,0.005353,0.005857,0.0,
T42,1585133055_1,Null,5,17,-8.756504,60.617054,99.351585,25.783129,63.3484086963981,23.299021,392.15686274509807,109.805771,0.012726,0.011794,0.012666,0.010182,0.008989,0.004623,0.005181,0.001912,
T42,1585133055_1,Null,5,18,-9.075582,59.596371,100,24.918095,64.8252401705882,23.822361,392.15686274509807,109.780884,0.011101,0.010249,0.011046,0.008727,0.007816,0.003893,0.004505,0.003824,
T42,1585133055_1,Null,5,19,-9.230924,58.569592,100,24.205431,66.59309268907373,23.795259,392.15686274509807,109.754425,0.010289,0.008817,0.009426,0.007418,0.006644,0.00365,0.003829,0.001912,
T42,1585133055_1,Null,5,20,-9.376377,57.54726,100,23.525728,68.46849418168514,23.769804,392.15686274509807,109.727959,0.008664,0.007672,0.008247,0.006691,0.005667,0.00292,0.003379,0.0,
T42,1585133055_1,Null,6,0,-2.376091,79.754883,81.351425,43.902191,48.47875748839818,24.817371,392.15686274509807,110.24884,0.089425,0.085538,0.088732,0.067201,0.053932,0.023602,0.024103,0.009561,
T42,1585133055_1,Null,6,1,-2.940914,78.542076,82.482407,42.592548,48.79431306810548,24.557995,392.15686274509807,110.223976,0.081025,0.077923,0.081221,0.06211,0.050219,0.022385,0.022752,0.011473,
T42,1585133055_1,Null,6,2,-3.346196,77.34211,83.620628,41.403969,49.30025276554491,25.031158,392.15686274509807,110.197731,0.072895,0.071167,0.074005,0.056874,0.046116,0.021898,0.0214,0.011473,
T42,1585133055_1,Null,6,3,-3.79682,76.095428,84.798759,40.153568,49.84671106973714,24.522169,392.15686274509807,110.17041,0.066391,0.064239,0.066641,0.051346,0.041426,0.019465,0.020048,0.009561,
T42,1585133055_1,Null,6,4,-4.184868,74.900276,85.932953,38.99017,50.46513073773413,24.813419,392.15686274509807,110.143539,0.059888,0.058628,0.061266,0.048292,0.039863,0.018249,0.018922,0.009561,
T42,1585133055_1,Null,6,5,-4.529748,73.761925,87.015503,37.904774,51.128654022100484,24.633446,392.15686274509807,110.11747,0.053655,0.052674,0.055743,0.043928,0.036736,0.017519,0.017571,0.007648,
T42,1585133055_1,Plains,6,6,-4.926818,72.644722,88.069298,36.803493,51.77006697026292,24.052874,44.705882352941174,110.09214,0.048235,0.047464,0.049926,0.03971,0.033219,0.016302,0.016895,0.005736,
T42,1585133055_1,Plains,6,7,-5.343102,71.532654,89.11412,35.697365,52.43798185021229,24.540899,89.41176470588235,110.066895,0.042816,0.042483,0.04455,0.035346,0.030093,0.014599,0.015318,0.009561,
T42,1585133055_1,Plains,6,8,-5.648189,70.408752,90.183723,34.669491,53.28864149323401,24.112091,89.80392156862744,110.040237,0.037396,0.037273,0.039175,0.031419,0.026771,0.013626,0.013966,0.005736,
T42,1585133055_1,Plains,6,9,-6.019339,69.235748,91.291321,33.56636,54.186208439816966,24.394928,89.80392156862744,110.012688,0.032518,0.033036,0.034536,0.028073,0.02423,0.012409,0.013065,0.005736,
T42,1585133055_1,Plains,6,10,-6.278679,68.147362,92.328957,32.614388,55.17216610899673,24.262562,89.01960784313725,109.986229,0.029537,0.029372,0.030412,0.024728,0.021104,0.011436,0.011488,0.007648,
T42,1585133055_1,Plains,6,11,-6.617286,66.998657,93.413345,31.570911,56.21550055746205,23.935272,63.13725490196079,109.958717,0.025744,0.02565,0.026509,0.021673,0.018564,0.010219,0.010813,0.005736,
T42,1585133055_1,Plains,6,12,-6.91826,65.985641,94.367615,30.657509,57.19818283374377,23.982922,44.31372549019608,109.934303,0.023305,0.022386,0.022901,0.018764,0.016023,0.009003,0.009912,0.003824,
T42,1585133055_1,Null,6,13,-7.246779,64.908096,95.379364,29.689142,58.30591846199682,23.712481,392.15686274509807,109.908325,0.020324,0.019753,0.020397,0.016728,0.01446,0.008029,0.008335,0.003824,
T42,1585133055_1,Null,6,14,-7.508189,63.829964,96.399391,28.784603,59.56577818723533,24.099567,392.15686274509807,109.881676,0.018156,0.01752,0.018336,0.015128,0.013092,0.007056,0.007884,0.003824,
T42,1585133055_1,Null,6,15,-7.76198,62.734264,97.435776,27.888821,60.94617802444305,23.656321,392.15686274509807,109.854416,0.015446,0.015344,0.016274,0.013237,0.011724,0.006083,0.006533,0.0,
T42,1585133055_1,Plains,6,16,-8.023296,61.62817,98.479034,26.996199,62.429951077512875,24.004333,44.31372549019608,109.826866,0.014091,0.013398,0.014433,0.011346,0.010161,0.005353,0.006082,0.001912,
T42,1585133055_1,Plains,6,17,-8.238528,60.595284,99.455788,26.202368,63.938955823708135,23.384947,44.705882352941174,109.800804,0.011923,0.01168,0.012592,0.010037,0.008989,0.004866,0.004956,0.001912,
T42,1585133055_1,Null,6,18,-8.545959,59.574371,100,25.354174,65.42650129767817,23.91036,392.15686274509807,109.775787,0.010568,0.009962,0.010898,0.008873,0.007621,0.004136,0.00428,0.001912,
T42,1585133055_1,Null,6,19,-8.701859,58.548729,100,24.650295,67.17918072653688,23.882057,392.15686274509807,109.749321,0.008943,0.008703,0.009278,0.007564,0.006839,0.003406,0.003604,0.001912,
T42,1585133055_1,Null,6,20,-8.847835,57.527588,100,23.979561,69.03527572467121,23.855499,392.15686274509807,109.722862,0.007859,0.007386,0.008026,0.0064,0.005862,0.00292,0.003154,0.001912,
T42,1585133055_1,Null,7,0,-1.823983,79.74437,81.432587,44.266533,49.01339713795919,24.876591,392.15686274509807,110.243828,0.089336,0.085824,0.089174,0.067783,0.054128,0.024088,0.024328,0.011473,
T42,1585133055_1,Null,7,1,-2.394649,78.528366,82.565506,42.953403,49.33288800807677,24.923262,392.15686274509807,110.218979,0.081733,0.077923,0.081148,0.062256,0.05061,0.022385,0.022977,0.007648,
T42,1585133055_1,Null,7,2,-2.789471,77.325745,83.707611,41.774014,49.855886291365174,25.179853,392.15686274509807,110.192612,0.073315,0.070652,0.073342,0.056728,0.04553,0.021412,0.0214,0.007648,
T42,1585133055_1,Null,7,3,-3.251757,76.070305,84.893036,40.513149,50.40442839318744,24.657522,392.15686274509807,110.165199,0.066255,0.06401,0.066126,0.051492,0.041817,0.019952,0.020048,0.007648,
T42,1585133055_1,Null,7,4,-3.6331,74.880531,86.023079,39.362934,51.030595717020326,24.949707,392.15686274509807,110.13842,0.06001,0.058056,0.060824,0.047564,0.039277,0.018249,0.018922,0.007648,
T42,1585133055_1,Null,7,5,-3.981964,73.742813,87.104973,38.279812,51.69461578530059,24.764391,392.15686274509807,110.112411,0.054036,0.052273,0.055007,0.043055,0.03615,0.017519,0.017796,0.009561,
T42,1585133055_1,Plains,7,6,-4.392024,72.623901,88.159363,37.172264,52.33109315382407,24.173557,44.705882352941174,110.087158,0.048334,0.047063,0.049263,0.038983,0.032437,0.016059,0.016444,0.007648,
T42,1585133055_1,Plains,7,7,-4.797523,71.509705,89.208435,36.076752,53.019164074563214,24.662651,89.41176470588235,110.061775,0.042903,0.042196,0.044256,0.035055,0.029311,0.014599,0.015318,0.003824,
T42,1585133055_1,Plains,7,8,-5.112484,70.37915,90.284218,35.04237,53.87139870116508,24.225218,126.66666666666667,110.035034,0.037472,0.036929,0.038586,0.031128,0.02638,0.013869,0.013966,0.007648,
T42,1585133055_1,Plains,7,9,-5.477045,69.21199,91.388031,33.953815,54.77559095445639,24.509089,134.50980392156862,110.007576,0.033127,0.03275,0.03402,0.027782,0.02384,0.012652,0.013065,0.005736,
T42,1585133055_1,Plains,7,10,-5.739391,68.122307,92.427689,33.004734,55.763004496540866,24.107521,89.01960784313725,109.981102,0.029326,0.028913,0.02997,0.024146,0.020909,0.010949,0.011939,0.007648,
T42,1585133055_1,Plains,7,11,-6.085523,66.968964,93.51696,31.958548,56.80918056270449,24.039024,44.31372549019608,109.953522,0.026339,0.025192,0.025994,0.021091,0.018173,0.010219,0.010587,0.001912,
T42,1585133055_1,Null,7,12,-6.384887,65.968628,94.460281,31.060453,57.78111049886039,24.087189,392.15686274509807,109.929405,0.023352,0.022157,0.022607,0.018328,0.015828,0.008516,0.009686,0.003824,
T42,1585133055_1,Null,7,13,-6.719897,64.879929,95.483604,30.085855,58.90087171422051,23.81011,392.15686274509807,109.903175,0.020637,0.019524,0.020176,0.016437,0.014265,0.008029,0.009011,0.003824,
T42,1585133055_1,Null,7,14,-6.972446,63.806786,96.501617,29.198563,60.163464174443924,24.199406,392.15686274509807,109.876572,0.01765,0.017291,0.018336,0.014837,0.012701,0.007056,0.007434,0.001912,
T42,1585133055_1,Null,7,15,-7.236483,62.703629,97.545509,28.297337,61.543474090935405,23.749424,392.15686274509807,109.849174,0.015749,0.015115,0.016126,0.013091,0.011529,0.006326,0.006533,0.003824,
T42,1585133055_1,Plains,7,16,-7.489622,61.606205,98.583374,27.424517,63.019370921465736,24.099792,44.31372549019608,109.821762,0.01412,0.013226,0.013991,0.0112,0.010161,0.005353,0.005857,0.001912,
T42,1585133055_1,Plains,7,17,-7.718584,60.574917,99.558228,26.627764,64.50600050116887,23.474108,44.705882352941174,109.79583,0.011948,0.011336,0.012224,0.009891,0.008989,0.004623,0.004956,0.003824,
T42,1585133055_1,Plains,7,18,-8.014324,59.553749,100,25.796513,66.00183464484267,24.001751,44.31372549019608,109.770683,0.01059,0.009962,0.01053,0.008437,0.008793,0.003893,0.00428,0.0,
T42,1585133055_1,Null,7,19,-8.170816,58.529144,100,25.101147,67.73839879072587,23.972193,392.15686274509807,109.744217,0.008961,0.008531,0.009278,0.007273,0.006448,0.003406,0.003829,0.003824,
T42,1585133055_1,Null,7,20,-8.317344,57.509098,100,24.439083,69.57438460571265,23.687199,392.15686274509807,109.717758,0.008146,0.007214,0.007953,0.006255,0.005471,0.003163,0.003154,0.0,
T42,1585133055_1,Null,8,0,-1.270495,79.737854,81.510765,44.63813,49.5371756977214,25.040623,392.15686274509807,110.238831,0.089713,0.085424,0.089321,0.067638,0.053932,0.024088,0.024103,0.009561,
T42,1585133055_1,Null,8,1,-1.84018,78.518082,82.64695,43.325863,49.86690186943735,25.455559,392.15686274509807,110.213943,0.080987,0.077923,0.081221,0.06211,0.049438,0.022142,0.022977,0.007648,
T42,1585133055_1,Null,8,2,-2.229342,77.312988,83.792068,42.152733,50.40122907820874,25.334984,392.15686274509807,110.187492,0.072534,0.070366,0.073269,0.056728,0.045334,0.021168,0.0214,0.009561,
T42,1585133055_1,Null,8,3,-2.703539,76.04847,84.984932,40.881058,50.95147569130354,24.79859,392.15686274509807,110.159988,0.065171,0.063724,0.066273,0.051928,0.041622,0.019952,0.020274,0.005736,
T42,1585133055_1,Null,8,4,-3.078193,74.863983,86.110825,39.744053,51.584405990108266,25.091722,392.15686274509807,110.133301,0.059172,0.057712,0.059719,0.046983,0.0383,0.018492,0.018697,0.005736,
T42,1585133055_1,Null,8,5,-3.43117,73.7267,87.192131,38.662987,52.248321053004126,24.900745,392.15686274509807,110.107353,0.0529,0.051987,0.054123,0.042764,0.035564,0.017275,0.017345,0.007648,
T42,1585133055_1,Plains,8,6,-3.854444,72.605812,88.247269,37.548733,52.87963620757815,24.299076,44.705882352941174,110.082176,0.046901,0.046605,0.048895,0.038837,0.032242,0.016302,0.016895,0.007648,
T42,1585133055_1,Plains,8,7,-4.249129,71.489464,89.300545,36.464104,53.58645628276928,24.789356,134.11764705882354,110.056664,0.041448,0.041681,0.043593,0.03491,0.029311,0.014842,0.015318,0.007648,
T42,1585133055_1,Plains,8,8,-4.574129,70.352051,90.382622,35.422947,54.439866832930875,24.342861,126.66666666666667,110.029823,0.037085,0.036757,0.038438,0.030982,0.026575,0.013382,0.013741,0.003824,
T42,1585133055_1,Plains,8,9,-4.932111,69.190659,91.482635,34.348969,55.34935134694434,24.62781,134.50980392156862,110.002464,0.032449,0.032406,0.033652,0.027346,0.023644,0.012166,0.013065,0.007648,
T42,1585133055_1,Plains,8,10,-5.203672,68.094894,92.528099,33.394791,56.33678662760771,24.218672,100.0,109.975899,0.027814,0.02857,0.029676,0.024146,0.020713,0.011192,0.012389,0.005736,
T42,1585133055_1,Plains,8,11,-5.551339,66.941376,93.618599,32.3535,57.385748149998356,24.233913,44.31372549019608,109.948318,0.02536,0.024848,0.025552,0.020946,0.017977,0.009976,0.010362,0.005736,
T42,1585133055_1,Null,8,12,-5.849134,65.953606,94.550987,31.470444,58.34597985496815,24.195475,392.15686274509807,109.924515,0.021815,0.021871,0.022459,0.018473,0.015828,0.009003,0.009912,0.005736,
T42,1585133055_1,Null,8,13,-6.190746,64.85363,95.585938,30.48954,59.476827395345325,23.911491,392.15686274509807,109.898033,0.019088,0.019295,0.020103,0.016437,0.01446,0.007786,0.00856,0.005736,
T42,1585133055_1,Null,8,14,-6.434406,63.785416,96.601906,29.619492,60.74052754435321,24.303114,392.15686274509807,109.87146,0.017179,0.01689,0.017746,0.0144,0.012701,0.007299,0.007434,0.0,
T42,1585133055_1,Null,8,15,-6.708821,62.674644,97.653404,28.712557,62.11953906580854,23.846088,392.15686274509807,109.843933,0.01527,0.014772,0.015906,0.0128,0.011334,0.006326,0.006533,0.003824,
T42,1585133055_1,Plains,8,16,-6.953762,61.585823,98.685837,27.859407,63.58592654656155,24.198919,44.31372549019608,109.816658,0.012816,0.013054,0.013696,0.0112,0.00977,0.005353,0.006082,0.003824,
T42,1585133055_1,Plains,8,17,-7.196603,60.555958,99.65889,27.059202,65.050272903225,23.566599,63.13725490196079,109.790855,0.010635,0.011336,0.012076,0.009746,0.008598,0.004623,0.005181,0.003824,
T42,1585133055_1,Plains,8,18,-7.480605,59.534504,100,26.244986,66.55212029991475,24.096636,44.705882352941174,109.765579,0.009544,0.009733,0.010456,0.008582,0.00723,0.004136,0.00428,0.001912,
T42,1585133055_1,Null,8,19,-7.637722,58.510841,100,25.557859,68.27173766155809,24.06576,392.15686274509807,109.739113,0.008726,0.008416,0.008984,0.007273,0.006448,0.003406,0.003604,0.001912,
T42,1585133055_1,Null,9,0,-0.713325,79.735283,81.586296,45.018425,50.05231075904231,25.040623,392.15686274509807,110.233833,0.088543,0.085538,0.088659,0.067201,0.053346,0.024332,0.024328,0.011473,
T42,1585133055_1,Null,9,1,-1.273812,78.511253,82.727188,43.712521,50.39946868893341,25.455559,392.15686274509807,110.208817,0.080045,0.078095,0.081663,0.062401,0.050024,0.025061,0.023427,0.011473,
T42,1585133055_1,Null,9,2,-1.66569,77.303894,83.873947,42.540157,50.93632970822461,25.334984,392.15686274509807,110.182373,0.071547,0.070595,0.073342,0.056874,0.045725,0.021898,0.021625,0.009561,
T42,1585133055_1,Null,9,3,-2.152059,76.029968,85.074417,41.257298,51.48791645071926,24.79859,392.15686274509807,110.154778,0.064146,0.063438,0.065684,0.051346,0.041231,0.019952,0.020274,0.005736,
T42,1585133055_1,Null,9,4,-2.520038,74.850677,86.196152,40.13353,52.12665422154747,25.091722,392.15686274509807,110.128181,0.057293,0.057197,0.059204,0.046692,0.037909,0.018492,0.018697,0.005736,
T42,1585133055_1,Null,9,5,-2.877259,73.713646,87.276947,39.054291,52.78989351029115,24.900745,392.15686274509807,110.102295,0.050988,0.051472,0.053239,0.042183,0.034587,0.016789,0.017571,0.007648,
T42,1585133055_1,Plains,9,6,-3.313984,72.590492,88.332985,37.932888,53.41582816733847,24.299076,44.705882352941174,110.077194,0.045505,0.046433,0.048232,0.038401,0.032047,0.016059,0.016895,0.007648,
T42,1585133055_1,Plains,9,7,-3.69782,71.47197,89.390411,36.859383,54.14003281041304,24.789356,134.11764705882354,110.051544,0.040571,0.04128,0.042783,0.034182,0.028334,0.014599,0.015318,0.009561,
T42,1585133055_1,Plains,9,8,-4.033034,70.327477,90.478897,35.811172,54.9941573389075,24.342861,141.9607843137255,110.02462,0.035362,0.036528,0.037628,0.030691,0.025598,0.013626,0.014417,0.005736,
T42,1585133055_1,Plains,9,9,-4.384444,69.171761,91.575096,34.751766,55.90771178350039,24.62781,161.5686274509804,109.997345,0.03125,0.032177,0.033357,0.0272,0.023253,0.012409,0.01284,0.007648,
T42,1585133055_1,Plains,9,10,-4.665369,68.06974,92.626457,33.792236,56.89468176302998,24.218672,100.0,109.970695,0.027961,0.029372,0.02916,0.023855,0.020713,0.011192,0.011714,0.007648,
T42,1585133055_1,Plains,9,11,-5.012341,66.925613,93.708977,32.763863,57.935707140292706,24.233913,63.13725490196079,109.943352,0.023575,0.024791,0.025405,0.021237,0.017977,0.010219,0.010587,0.005736,
T42,1585133055_1,Plains,9,12,-5.31092,65.94059,94.639702,31.887407,58.89318662312106,24.195475,44.705882352941174,109.919617,0.021382,0.021757,0.022165,0.018328,0.015828,0.008516,0.009686,0.005736,
T42,1585133055_1,Null,9,13,-5.65925,64.829208,95.686348,30.900108,60.03421028712811,23.911491,392.15686274509807,109.892891,0.018641,0.01918,0.019808,0.016291,0.01446,0.008029,0.00856,0.0,
T42,1585133055_1,Null,9,14,-5.893991,63.765869,96.700226,30.047297,61.29742306663053,24.303114,392.15686274509807,109.866356,0.015899,0.016718,0.017378,0.014546,0.012701,0.007056,0.007434,0.001912,
T42,1585133055_1,Null,9,15,-6.17892,62.647324,97.75943,29.134378,62.67489422296852,23.846088,392.15686274509807,109.838692,0.014529,0.014714,0.015537,0.012946,0.011529,0.006083,0.006758,0.001912,
T42,1585133055_1,Plains,9,16,-6.415639,61.567032,98.786385,28.30076,64.13027924702227,24.198919,44.31372549019608,109.811546,0.01261,0.012882,0.013844,0.0112,0.009966,0.005353,0.005857,0.003824,
T42,1585133055_1,Plains,9,17,-6.672515,60.53841,99.757751,27.496582,65.57248307080003,23.566599,63.13725490196079,109.785881,0.011239,0.011279,0.012003,0.009746,0.008598,0.00438,0.005181,0.001912,
T42,1585133055_1,Plains,9,18,-6.944727,59.516644,100,26.699476,67.07823199093801,24.096636,44.705882352941174,109.760475,0.009594,0.009676,0.010236,0.008291,0.00723,0.00365,0.004055,0.003824,
T42,1585133055_1,Null,9,19,-7.102504,58.493824,100,26.020321,68.78019714532074,24.06576,392.15686274509807,109.734009,0.008498,0.008359,0.008836,0.007273,0.006448,0.003406,0.003829,0.003824,
