TA,1477488477_1,
TA,1477488622_1,
TA,1477488820_1,
TA,1477488956_1,
TA,1477489267_1,
TA,1477489406_1,
TA,1477489606_1,
TA,1477489741_1,
TA,1477489943_1,
TA,1477490081_1,
TA,1477490280_1,
TA,1477490431_1,
TA,1477490625_1,
TA,1477490810_1,
TA,1477491859_1,
TB,1481616395_1,
TB,1481616614_1,
TB,1481616786_1,
TB,1481617040_1,
TB,1481617259_1,
TB,1481617473_1,
TB,1481617709_1,
TB,1481617957_1,
TB,1481618188_1,
TB,1481618418_1,
TB,1481618592_1,
TB,1481618830_1,
TB,1481619244_1,
TB,1481619484_1,
TB,1481619743_1,
TB,1481619983_1,
TB,1481620679_1,
TB,1481622064_1,
TB,1481622301_1,
TB,1481622539_1,
TB,1481622739_1,
TB,1481622957_1,
TB,1481623188_1,
TB,1481623711_1,
TB,1481623853_1,
TB,1481624032_1,
TB,1481624171_1,
TB,1481624349_1,
TB,1481624482_1,
TB,1481624672_1,
TB,1481624812_1,
TB,1481624991_1,
TB,1481625137_1,
TB,1481625558_1,
TB,1481625703_1,
TB,1481625847_1,
TB,1481625997_1,
TB,1481626149_1,
TB,1481626319_1,
TB,1481626515_1,
TB,1481626725_1,
TB,1481626923_1,
TB,1481627074_1,
TB,1481627451_1,
TB,1481627653_1,
TB,1481627806_1,
TB,1481628008_1,
TB,1481628172_1,
TB,1481628365_1,
TB,1481628542_1,
TB,1481628751_1,
TB,1481629094_1,
TB,1481629409_1,
TB,1481629719_1,
TB,1481634623_1,
TB,1481637048_1,
T3,1487139323_1,
T3,1487139370_1,
T3,1487139717_1,
T3,1487139764_1,
T3,1487140595_1,
T3,1487140810_1,
T4,1490990831_1,
T4,1490991359_4,
T5,1492361946_1,
T5,1492362489_1,
T5,1492363091_1,
T5,1492363683_1,
T5,1492364272_1,
T5,1492364864_1,
T5,1492365464_1,
T5,1492366053_1,
T5,1492366621_1,
T5,1492367246_3,
T9,1514299543_1,
T9,1514299573_1,
T9,1514299671_1,
T9,1514299740_1,
T9,1514299908_1,
T9,1514299938_1,
T9,1514300036_1,
T9,1514300105_1,
T9,1514300263_1,
T9,1514300391_1,
T9,1514300653_1,
T9,1514300683_1,
T9,1514300781_1,
T9,1514300850_1,
T9,1514301073_1,
T9,1514301240_1,
T9,1514301398_1,
T9,1514301428_1,
T9,1514301526_1,
T9,1514301595_1,
T9,1514301788_1,
T9,1514301818_1,
T9,1514301916_1,
T9,1514301985_1,
T9,1514304423_1,
T9,1514305926_1,
T9,1514309549_1,
T9,1514310267_1,
T9,1514313117_1,
T9,1514313835_1,
T9,1514315553_1,
T9,1514315913_1,
T9,1514316735_1,
T9,1514317135_1,
T9,1514319121_1,
T9,1514320339_1,
T9,1514320699_1,
T9,1514321059_1,
T9,1514321419_1,
T9,1514321779_1,
T9,1514322139_1,
T9,1514322629_1,
T9,1514322989_1,
T9,1514323349_1,
T9,1514323849_1,
T10,1516001496_1,
T10,1516001990_1,
T10,1516003468_1,
T10,1516003982_1,
T10,1516004476_1,
T10,1516004960_1,
T10,1516005474_1,
T10,1516005958_1,
T10,1516006462_1,
T10,1516006966_1,
T10,1516007480_1,
T10,1516007974_1,
T10,1516008478_1,
T10,1516008972_1,
T10,1516009490_1,
T10,1516011216_1,
T10,1516012157_1,
T10,1516012643_3,
T10,1516013097_1,
T10,1516013546_1,
T10,1516014042_1,
T10,1516015364_1,
T10,1516027693_1,
T11,1519713017_1,
T11,1519713507_1,
T12,1521402363_1,
T12,1521404063_1,
T12,1521406684_1,
T12,1521407494_1,
T12,1521407900_1,
T12,1521410563_1,
T12,1521411358_1,
T12,1521412087_1,
T12,1521412865_1,
T12,1521413628_1,
T12,1521414167_1,
T13,1525113707_1,
T13,1525114087_1,
T13,1525114478_1,
T13,1525114865_1,
T13,1525115246_1,
T13,1525115629_1,
T13,1525116016_1,
T13,1525116645_1,
T13,1525117030_1,
T13,1525117426_1,
T13,1525117858_1,
T13,1525118253_1,
T13,1525118649_1,
T16,1532226217_1,
T16,1532226860_1,
T16,1532227513_1,
T17,1536345838_1,
T17,1536346448_1,
T17,1536347028_1,
T17,1536358270_1,
T17,1536358718_1,
T17,1536359164_1,
T17,1536359596_1,
T17,1536360029_1,
T17,1536360595_1,
T17,1536360995_1,
T17,1536361385_1,
T17,1536361784_1,
T17,1536362183_1,
T17,1536362563_1,
T18,1537732425_1,
T18,1537732788_1,
T18,1537733148_1,
T18,1537743550_1,
T18,1537743582_1,
T18,1537743661_1,
T18,1537743693_1,
T18,1537745899_1,
T18,1537745931_1,
T18,1537746010_1,
T18,1537746042_1,
T18,1537746121_1,
T18,1537746153_1,
T18,1537746232_1,
T18,1537746264_1,
T18,1537746343_1,
T18,1537746375_1,
T18,1537746454_1,
T18,1537746486_1,
T18,1537746565_1,
T18,1537746597_1,
T18,1537746676_1,
T18,1537746708_1,
T18,1537747803_1,
T18,1537747835_1,
T18,1537747914_1,
T18,1537747946_1,
T18,1537748025_1,
T18,1537748057_1,
T18,1537748136_1,
T18,1537748247_1,
T18,1537748279_1,
T18,1537748358_1,
T18,1537748390_1,
T20,1540487574_1,
T20,1540488043_1,
T20,1540491382_1,
T21,1544631433_1,
T21,1544631853_1,
T21,1544632273_1,
T21,1544632693_1,
T21,1544634373_1,
T21,1544634793_1,
T21,1544635213_1,
T22,1545998996_1,
T22,1545999385_1,
T22,1546000559_1,
T22,1546000951_1,
T22,1546001343_1,
T22,1546001735_1,
T22,1546002915_1,
T22,1546003307_1,
T22,1546003689_1,
T22,1546004081_1,
T22,1546004855_1,
T22,1546005248_1,
T22,1546005641_1,
T22,1546005957_1,
T22,1546005976_1,
T22,1546005995_1,
T22,1546006014_1,
T24,1548748154_1,
T24,1548748328_1,
T24,1548748503_1,
T24,1548748678_1,
T24,1548748852_1,
T24,1548749027_1,
T24,1548749514_1,
T24,1548750098_1,
T24,1548750240_1,
T24,1548750868_1,
T24,1548750964_1,
T24,1548751578_1,
T24,1548752613_1,
T26,1552148542_1,
T26,1552197381_1,
T26,1552198715_1,
T26,1552200012_1,
T28,1554942939_1,
T28,1554943253_1,
T28,1554943373_1,
T28,1554943689_1,
T28,1554944697_1,
T28,1554945010_1,
T28,1554945121_1,
T28,1554945452_1,
T28,1554945572_1,
T28,1554945884_1,
T28,1554946311_1,
T28,1554946682_1,
T28,1554947015_1,
T28,1554947064_1,
T28,1554947434_1,
T28,1554947806_1,
T31,1559075380_1,
T31,1559075978_1,
T31,1559076910_1,
T31,1559077376_1,
T31,1559077842_1,
T31,1559078308_1,
T31,1559079180_1,
T31,1559079463_1,
T31,1559079677_1,
T31,1559079960_1,
T31,1559080178_1,
T32,1560454777_1,
T32,1560455713_1,
T32,1560456180_1,
T33,1561834020_1,
T33,1561834523_1,
T33,1561834903_1,
T33,1561835371_1,
T33,1561835855_1,
T33,1561836888_1,
T33,1561837008_1,
T33,1561837119_1,
T33,1561837604_1,
T33,1561838139_1,
T33,1561838614_1,
T34,1563503830_1,
T34,1563504247_1,
T34,1563505893_1,
T34,1563506298_1,
T34,1563507098_1,
T34,1563507496_1,
T34,1563508143_1,
T34,1563508637_1,
T34,1563509124_1,
T34,1563509618_1,
T35,1567238865_1,
T35,1567239055_1,
T35,1567239348_1,
T35,1567239516_1,
T35,1567240113_1,
T35,1567240241_1,
T35,1567240658_1,
T35,1567241480_1,
T35,1567241662_1,
T35,1567242636_1,
T35,1567242818_1,
T35,1567243000_1,
T35,1567243182_1,
T35,1567243560_1,
T35,1567243881_1,
T35,1567244037_1,
T37,1574127168_1,
T37,1574138034_1,
T37,1574138453_1,
T37,1574138527_1,
T37,1574138943_1,
T37,1574139005_1,
T37,1574139420_1,
T37,1574139489_1,
T37,1574140441_1,
T37,1574149284_1,
T38,1575497412_1,
T38,1575497612_1,
T38,1575498725_1,
T38,1575499818_1,
T38,1575500901_1,
T38,1575508435_1,
T38,1575508752_1,
T38,1575509158_1,
T38,1575509654_1,
T38,1575510158_1,
T38,1575510641_1,
T38,1575511128_1,
T38,1575511639_1,
T38,1575512093_1,
T38,1575512561_1,
T38,1575513093_1,
T38,1575513765_1,
T38,1575514433_1,
T38,1575514485_1,
T38,1575514910_1,
T38,1575514957_1,
T38,1575515382_1,
T38,1575515440_1,
T38,1575515869_1,
T38,1575515913_1,
T38,1575516394_1,
T38,1575516826_1,
T38,1575516882_1,
T38,1575517321_1,
T38,1575517373_1,
T38,1575517806_1,
T38,1575518296_1,
T38,1575518786_1,
T38,1575519294_1,
T38,1575519793_1,
T38,1575519844_1,
T38,1575520269_1,
T38,1575520315_1,
T38,1575524985_1,
T38,1575546807_1,
T40,1578263500_1,
T40,1578263860_1,
T40,1578264512_1,
T40,1578264601_1,
T40,1578266417_1,
T40,1578267024_1,
T40,1578267146_1,
T40,1578267753_1,
T40,1578267864_1,
T40,1578268471_1,
T40,1578268593_1,
T40,1578269051_1,
T40,1578269256_1,
T40,1578269466_1,
T40,1578269726_1,
T40,1578269935_1,
T40,1578270197_1,
T40,1578270407_1,
T40,1578270664_1,
T40,1578270873_1,
T40,1578271154_1,
T40,1578271363_1,
T40,1578271626_1,
T40,1578271835_1,
T40,1578272094_1,
T40,1578272303_1,
T40,1578272581_1,
T40,1578272790_1,
T40,1578273049_1,
T40,1578273258_1,
T40,1578273516_1,
T40,1578273725_1,
T40,1578274003_1,
T40,1578274212_1,
T40,1578274475_1,
T40,1578274684_1,
T40,1578274957_1,
T40,1578275166_1,
T40,1578275446_1,
T40,1578275655_1,
T40,1578275924_1,
T42,1585132596_1,
T42,1585132826_1,
T42,1585133055_1,
T42,1585133285_1,
T42,1585133514_1,
T42,1585133744_1,
T42,1585133973_1,
T42,1585134203_1,
T42,1585134432_1,
T42,1585150380_1,
T42,1585150736_1,
T42,1585151088_1,
T42,1585151520_1,
T42,1585152342_1,
T42,1585152936_1,
T42,1585153538_1,
T42,1585153696_1,
T42,1585154307_1,
T42,1585155960_1,
T42,1585156375_1,
T42,1585156434_1,
T42,1585156844_1,
T42,1585156903_1,
T42,1585157315_1,
T42,1585157374_1,
T42,1585157845_1,
T42,1585158319_1,
T42,1585158801_1,
T42,1585159275_1,
T42,1585160220_1,
T42,1585160697_1,
T42,1585161176_1,
T42,1585161640_1,
T42,1585162104_1,
T42,1585162597_1,
T44,1590645812_1,
T44,1590646300_1,
T44,1590646782_1,
T44,1590647259_1,
T44,1590647740_1,
T44,1590647909_1,
T44,1590648226_1,
T44,1590648388_1,
T44,1590648776_1,
T44,1590648938_1,
T47,1605795784_1,
T47,1605797116_1,
T47,1605797603_1,
T47,1605798088_1,
T47,1605798513_1,
T47,1605804042_1,
T47,1605808125_1,
T47,1605809088_1,
T47,1605810051_1,
T48,1607171831_1,
T48,1607172540_1,
T48,1607174268_1,
T48,1607174759_1,
T48,1607175231_1,
T48,1607184472_1,
T48,1607185501_1,
T48,1607186550_1,
T48,1607187589_1,
T49,1608549052_1,
T49,1608549821_1,
T49,1608550961_1,
T49,1608551331_1,
T49,1608552059_1,
T54,1620249688_1,
T54,1620250504_1,
T54,1620251313_1,
T54,1620253547_1,
T54,1620253580_1,
T54,1620253612_1,
T54,1620253645_1,
T54,1620255270_1,
T54,1620255303_1,
T54,1620255335_1,
T54,1620256112_1,
T54,1620256145_1,
T57,1624381505_1,
T57,1624382334_1,
T57,1624383138_1,
T57,1624383945_1,
T58,1625760170_1,
T58,1625771601_1,
T58,1625771653_1,
T58,1625772055_1,
T58,1625772107_1,
T59,1627151462_1,
T61,1629901612_1,
T61,1629902114_1,
T61,1629902614_1,
T61,1629903114_1,
T61,1629903533_1,
T61,1629904033_1,
T61,1629904536_1,
T61,1629905033_1,
T61,1629905607_1,
T61,1629906107_1,
T61,1629906607_1,
T61,1629907051_1,
T64,1640645644_1,
T64,1640656714_1,
T64,1640658969_1,
T64,1640659079_1,
T64,1640659195_1,
T64,1640659448_4,
T64,1640659668_1,
T64,1640659768_1,
T64,1640659887_1,
T64,1640660025_1,
T64,1640660207_1,
T66,1643414779_1,
T66,1643415259_1,
T66,1643415743_1,
T66,1643416678_1,
T66,1643417142_1,
T66,1643417608_1,
T67,1649176775_1,
T67,1649177255_1,
T67,1649177725_1,
T67,1649178207_1,
T67,1649178681_1,
T67,1649179170_1,
T67,1649179651_1,
T67,1649180144_1,
T67,1649180633_1,
T67,1649181120_1,
T67,1649181615_1,
T67,1649182126_1,
T67,1649184439_1,
T67,1649184933_1,
T67,1649185398_1,
T67,1649185874_1,
T70,1655781986_1,
T70,1655782422_1,
T70,1655782927_1,
T70,1655783415_1,
T70,1655783920_1,
T70,1655784956_1,
T72,1664046819_1,
T72,1664047238_1,
T72,1664047657_1,
T72,1664048082_1,
T72,1664048553_1,
T72,1664048985_1,
T72,1664049476_1,
T72,1664049900_1,
T72,1664050528_1,
T72,1664051060_1,
T72,1664051591_1,
T72,1664052118_1,
T72,1664052654_1,
T72,1664053176_1,
T72,1664053705_1,
T72,1664054241_1,
T72,1664055267_1,
T76,1683589973_1,
T76,1683590022_1,
T76,1683590072_1,
T76,1683590122_1,
T76,1683590620_1,
T76,1683590770_3,
T76,1683590820_1,
T76,1683590897_1,
T76,1683590923_1,
T76,1683590948_1,
T76,1683590974_1,
T76,1683590999_1,
T76,1683591024_1,
T76,1683591050_1,
T76,1683591075_1,
T76,1683591101_3,
T76,1683591126_1,
T76,1683591179_1,
T76,1683591824_1,
T76,1683592484_1,
T76,1683593812_1,
T76,1683594434_1,
T76,1683595199_1,
T76,1683595912_1,
T76,1683596624_1,
T76,1683597624_1,
T76,1683597649_1,
T76,1683597673_1,
T76,1683597698_1,
T76,1683597722_1,
T76,1683597747_1,
T76,1683597888_1,
T76,1683597913_1,
T76,1683597937_1,
T76,1683598194_1,
T76,1683598288_1,
T76,1683598364_1,
T76,1683598389_1,
T76,1683598413_1,
T76,1683598438_1,
T76,1683598462_1,
T76,1683598487_1,
T76,1683598546_1,
T76,1683598622_1,
T76,1683598647_1,
T76,1683598671_1,
T76,1683598696_1,
T76,1683598720_1,
T76,1683598745_1,
T76,1683599790_1,
T78,1694504624_1,
T78,1694504922_1,
T78,1694505220_1,
T78,1694505518_1,
T78,1694505816_1,
T78,1694506114_1,
T79,1702503694_1,
T79,1702504215_1,
T79,1702504747_1,
T79,1702505209_1,
T79,1702505572_1,
T79,1702505784_1,
T79,1702506307_1,
T79,1702506795_1,
T79,1702507297_1,
T79,1702507658_1,
T79,1702507884_1,
T79,1702508415_1,
T80,1704213598_1,
T80,1704214198_1,
T80,1704214793_1,
T80,1704215393_1,
T81,1706637103_1,
T81,1706637627_1,
T81,1706640023_1,
T81,1706640547_1,
T82,1708343498_1,
T85,1721855930_1,
T85,1721855942_1,
T85,1721855953_1,
T85,1721855964_1,
T85,1721855976_1,
T85,1721855987_1,
T85,1721855998_1,
T85,1721856010_1,
T85,1721856031_1,
T85,1721858867_1,
T85,1721859156_1,
T85,1721859165_1,
T85,1721859173_1,
T85,1721859182_1,
T85,1721859191_1,
T85,1721859199_1,
T85,1721859208_1,
T85,1721859216_1,
T85,1721859225_1,
T85,1721859233_1,
T85,1721859242_1,
T85,1721859250_1,
T85,1721859259_1,
T85,1721859267_1,
T85,1721859276_1,
T85,1721859284_1,
T85,1721859293_1,
T85,1721859302_1,
T85,1721859310_1,
T85,1721859319_1,
T85,1721859327_1,
T85,1721859362_1,
T85,1721859649_1,
T85,1721859658_1,
T85,1721859666_1,
T85,1721859675_1,
T85,1721859684_1,
T85,1721859692_1,
T85,1721859701_1,
T85,1721859709_1,
T85,1721859718_1,
T85,1721859726_1,
T85,1721859735_1,
T85,1721859743_1,
T85,1721859752_1,
T85,1721859760_1,
T85,1721859769_1,
T85,1721859777_1,
T85,1721859786_1,
T85,1721859795_1,
T85,1721859803_1,
T85,1721859812_1,
T85,1721859820_1,
T85,1721859857_1,
T85,1721860146_1,
T85,1721860169_1,
T85,1721860192_1,
T85,1721860216_1,
T85,1721860239_1,
T85,1721860262_1,
T85,1721860313_1,
T85,1721860599_1,
T85,1721860608_1,
T85,1721860616_1,
T85,1721860625_1,
T85,1721860634_1,
T85,1721860642_1,
T85,1721860651_1,
T85,1721860668_1,
T85,1721860676_1,
T85,1721860685_1,
T85,1721860693_1,
T85,1721860702_1,
T85,1721860710_1,
T85,1721860719_1,
T85,1721860727_1,
T85,1721860736_1,
T85,1721860745_1,
T85,1721860753_1,
T85,1721860762_1,
T85,1721860770_1,
T85,1721860807_1,
T85,1721861079_1,
T85,1721861579_1,
T85,1721861637_1,
T85,1721861695_1,
T85,1721861753_1,
T85,1721861811_1,
T85,1721861869_1,
T85,1721861927_1,
T85,1721861985_1,
T85,1721862043_1,
T85,1721862101_1,
T85,1721862159_1,
T85,1721862217_1,
T85,1721862275_1,
T85,1721862333_1,
T85,1721862391_1,
T85,1721862449_1,
T85,1721862527_1,
T86,1727355885_1,
T86,1727371868_1,
T88,1732865471_1,
T88,1732865771_1,
T88,1732865970_1,
T88,1732866681_1,
T88,1732866880_1,
T88,1732867561_1,
T88,1732867760_1,
T88,1732874352_1,
T88,1732874609_1,
T88,1732874659_1,
T88,1732874708_1,
T88,1732874758_1,
T88,1732874783_1,
T88,1732874807_1,
T88,1732874832_8,
T88,1732874866_1,
T88,1732875312_1,
T88,1732875761_1,
T88,1732876173_1,
T88,1732876622_1,
T88,1732877058_1,
T88,1732877441_1,
T88,1732877802_1,
T88,1732879618_1,
T88,1732880164_1,
T88,1732880676_1,
T88,1732881224_1,
T88,1732881586_1,
T88,1732882196_1,
T88,1732882767_1,
T90,1743884641_1,
T90,1743884712_1,
T90,1743884941_1,
T90,1743887258_1,
T90,1743888231_1,
T90,1743888275_1,
T90,1743888318_1,
T90,1743888362_1,
T90,1743888405_1,
T90,1743888449_1,
T90,1743888492_1,
T90,1743888536_1,
T90,1743888579_1,
T90,1743888623_1,
T90,1743888666_1,
T90,1743888710_1,
T90,1743888753_1,
T90,1743888797_1,
T90,1743888840_1,
T90,1743888883_1,
T90,1743888927_1,
T90,1743888970_1,
T90,1743889014_1,
T90,1743889057_1,
T90,1743889101_1,
T90,1743889144_1,
T90,1743889188_1,
T90,1743897492_1,
T90,1743898211_1,
T90,1743901868_1,
T92,1752162115_3,
T92,1752162850_1,
T92,1752163532_1,
T92,1752164252_1,
T92,1752165292_1,
T92,1752172039_1,
T92,1752172360_1,
T92,1752173200_1,
T92,1752173388_1,
T92,1752173576_1,
T93,1753526378_1,
T93,1753535313_1,
T93,1753536201_1,
T93,1753537175_1,
T93,1753547074_1,
T94,1757667322_1,
T94,1757667769_1,
T94,1757668833_1,
T94,1757668883_1,
T94,1757668932_1,
T94,1757668982_1,
T94,1757669031_1,
T94,1757669081_1,
T94,1757669130_1,
T94,1757669180_1,
T94,1757669229_1,
T94,1757669279_1,
T94,1757669328_1,
T94,1757669378_1,
T94,1757669427_1,
T94,1757669477_1,
T94,1757669526_1,
T94,1757669576_1,
T94,1757669625_1,
T94,1757669675_1,
T94,1757669724_1,
T94,1757669774_1,
T94,1757669823_1,
T94,1757669873_1,
T94,1757669922_1,
T94,1757669971_1,
T94,1757670021_1,
T94,1757670070_1,
T94,1757670120_1,
T94,1757670169_1,
T94,1757670219_1,
T94,1757671180_1,
T94,1757671772_1,
T94,1757672350_1,
T96,1764534076_1,
T96,1764557902_1,
T96,1764559402_1,
T97,1767312723_1,
T97,1767313307_1,
T97,1767313848_1,
T97,1767314425_1,
T100,1775564987_1,
T103,1784537281_1,
T103,1784539868_1,
T103,1784541448_1,
T104,1787311929_1,
T104,1787319057_1,
T105,1790050280_1,
T105,1790050948_1,
T105,1790051590_1,
T105,1790052268_1,
T105,1790053570_1,
T105,1790056808_1,
T105,1790063645_1,
T105,1790064525_1,
T105,1790065425_1,
T105,1790066425_1,
T108,1799691002_1,
T108,1799691622_1,
T109,1802447813_1,
T109,1802448346_1,
T109,1802448901_1,
T109,1802449441_1,
T109,1802449988_1,
T109,1802450543_1,
T109,1802451091_1,
T109,1802451638_1,
T109,1802452178_1,
T109,1802452730_1,
T109,1802452761_1,
T109,1802452791_1,
T109,1802452821_1,
T109,1802452852_1,
T109,1802452882_1,
T109,1802452912_1,
T109,1802452943_1,
T109,1802452973_1,
T109,1802453003_1,
T109,1802453034_1,
T109,1802453064_1,
T109,1802453094_1,
T109,1802453125_1,
T109,1802453155_1,
T109,1802453185_1,
T109,1802453216_1,
T109,1802453246_1,
T109,1802453276_1,
T109,1802453307_1,
T109,1802453337_1,
T109,1802453367_1,
T109,1802453398_1,
T109,1802453428_1,
T109,1802453458_1,
T109,1802453489_1,
T109,1802453519_1,
T109,1802453549_1,
T109,1802453580_1,
T109,1802453610_1,
T109,1802453640_1,
T109,1802453671_1,
T109,1802453701_1,
T109,1802453731_1,
T109,1802453762_1,
T109,1802453792_1,
T109,1802453822_1,
T109,1802453853_1,
T110,1805201087_1,
T110,1805203091_1,
T110,1805204119_1,
T110,1805205161_1,
T110,1805207246_1,
T110,1805209469_1,
T111,1809715279_1,
T111,1809724283_1,
T111,1809725025_1,
T111,1809725865_1,
T111,1809726503_1,
T111,1809727163_1,
T111,1809727868_1,
T111,1809728528_1,
T111,1809729188_1,
T111,1809729900_3,
T111,1809730560_1,
T111,1809731213_1,
T111,1809731775_1,
T111,1809732338_1,
T111,1809733155_1,
T112,1814933657_1,
T112,1814934417_1,
T112,1814935217_1,
T112,1814936017_1,
T112,1814936736_1,
T112,1814937536_1,
T112,1814938316_1,
T112,1814939156_1,
T112,1814939996_1,
T112,1814940836_1,
T112,1814941676_1,
T112,1814942516_1,
T113,1822165321_1,
T113,1822165831_1,
T113,1822166438_1,
T113,1822167008_1,
T113,1822177261_1,
T113,1822179143_1,
T114,1826080590_1,
T114,1826081362_1,
T114,1826082135_1,
T114,1826082915_1,
T114,1826083114_1,
T114,1826083695_1,
T114,1826083894_1,
T114,1826084475_1,
T114,1826085255_1,
T114,1826086162_1,
T114,1826086942_1,
T114,1826087707_1,
T114,1826088540_1,
T116,1832974302_1,
T117,1834352276_1,
T118,1838486041_1,
T118,1838486926_1,
T118,1838487859_1,
T121,1848115650_1,
T123,1853637106_1,
T123,1853638069_1,
T123,1853639101_1,
T123,1853640106_1,
T123,1853641010_1,
T125,1859133301_1,
T125,1859143562_1,
T125,1859144147_1,
T125,1859144875_1,
T125,1859145580_1,
T125,1859146308_1,
T125,1859147005_1,
T125,1859148588_1,
T125,1859149353_1,
T125,1859150185_1,
