T119,1841208960_1,
T119,1841266890_1,
T120,1844024868_1,
T120,1844025813_1,
T120,1844026758_1,
T120,1844036384_1,
T121,1848108209_1,
T121,1848109090_1,
T121,1848115440_1,
T121,1848115650_1,
T123,1853637106_1,
T123,1853638069_1,
T123,1853639101_1,
T123,1853640106_1,
T123,1853641010_1,
T124,1857749985_1,
T124,1857750534_1,
T124,1857750872_1,
T124,1857756462_1,
T124,1857756899_1,
T124,1857757351_1,
T124,1857758650_1,
T124,1857759895_1,
T124,1857761103_1,
T124,1857762393_1,
T124,1857765663_1,
T124,1857766248_1,
T125,1859132020_1,
T125,1859133301_1,
T125,1859134015_1,
T125,1859134990_1,
T125,1859137450_1,
T125,1859139940_1,
T125,1859140682_1,
T125,1859141380_1,
T125,1859142122_1,
T125,1859142812_1,
T125,1859143562_1,
T125,1859144147_1,
T125,1859144875_1,
T125,1859145580_1,
T125,1859146308_1,
T125,1859147005_1,
T125,1859148588_1,
T125,1859149353_1,
T125,1859150185_1,
T125,1859171580_1,
T125,1859182836_1,
T126,1871504545_1,
T126,1871506885_1,
T126,1871509423_1,
T126,1871510194_1,
T126,1871559391_1,
